{
	"credit": "Made with Blockbench",
	"texture_size": [32, 32],
	"textures": {
		"0": "block/BlueAxe",
		"particle": "block/BlueAxe"
	},
	"elements": [
		{
			"from": [7.25, -5, 7.25],
			"to": [8.75, 25, 8.75],
			"faces": {
				"north": {"uv": [0, 0, 0.75, 15], "texture": "#0"},
				"east": {"uv": [1, 0, 1.75, 15], "texture": "#0"},
				"south": {"uv": [2, 0, 2.75, 15], "texture": "#0"},
				"west": {"uv": [3, 0, 3.75, 15], "texture": "#0"},
				"up": {"uv": [7.25, 13.25, 6.5, 12.5], "texture": "#0"},
				"down": {"uv": [8.25, 12.5, 7.5, 13.25], "texture": "#0"}
			}
		},
		{
			"from": [7.25, -8.52269, 6.35038],
			"to": [8.75, -4.52269, 7.85038],
			"rotation": {"angle": 22.5, "axis": "x", "origin": [8, -7.02269, 7.10038]},
			"faces": {
				"north": {"uv": [9.5, 3.5, 10.25, 5.5], "texture": "#0"},
				"east": {"uv": [10, 0, 10.75, 2], "texture": "#0"},
				"south": {"uv": [10, 8.5, 10.75, 10.5], "texture": "#0"},
				"west": {"uv": [10.5, 2, 11.25, 4], "texture": "#0"},
				"up": {"uv": [9.25, 13.25, 8.5, 12.5], "texture": "#0"},
				"down": {"uv": [13.25, 9.5, 12.5, 10.25], "texture": "#0"}
			}
		},
		{
			"from": [7.25, -11.14006, 3.46406],
			"to": [8.75, -7.14006, 4.96406],
			"rotation": {"angle": 45, "axis": "x", "origin": [8, -10.64006, 4.21406]},
			"faces": {
				"north": {"uv": [10.5, 4, 11.25, 6], "texture": "#0"},
				"east": {"uv": [10.5, 6, 11.25, 8], "texture": "#0"},
				"south": {"uv": [6.5, 10.5, 7.25, 12.5], "texture": "#0"},
				"west": {"uv": [7.5, 10.5, 8.25, 12.5], "texture": "#0"},
				"up": {"uv": [10.75, 13.25, 10, 12.5], "texture": "#0"},
				"down": {"uv": [13.25, 10.5, 12.5, 11.25], "texture": "#0"}
			}
		},
		{
			"from": [7.25, 21.5, 3],
			"to": [8.75, 25.5, 7],
			"faces": {
				"north": {"uv": [8.5, 10.5, 9.25, 12.5], "texture": "#0"},
				"east": {"uv": [4, 7, 6, 9], "texture": "#0"},
				"south": {"uv": [10, 10.5, 10.75, 12.5], "texture": "#0"},
				"west": {"uv": [6, 7, 8, 9], "texture": "#0"},
				"up": {"uv": [11.75, 2, 11, 0], "texture": "#0"},
				"down": {"uv": [11.75, 8, 11, 10], "texture": "#0"}
			}
		},
		{
			"from": [7.25, 20.5, 3],
			"to": [8.75, 21.5, 5],
			"faces": {
				"north": {"uv": [13, 4, 13.75, 4.5], "texture": "#0"},
				"east": {"uv": [9.5, 5.5, 10.5, 6], "texture": "#0"},
				"south": {"uv": [13, 4.5, 13.75, 5], "texture": "#0"},
				"west": {"uv": [12.5, 7, 13.5, 7.5], "texture": "#0"},
				"up": {"uv": [12.75, 1, 12, 0], "texture": "#0"},
				"down": {"uv": [12.75, 1, 12, 2], "texture": "#0"}
			}
		},
		{
			"from": [7.25, 21, 5],
			"to": [8.75, 21.5, 6],
			"faces": {
				"north": {"uv": [13.5, 3.5, 14.25, 3.75], "texture": "#0"},
				"east": {"uv": [9, 8.5, 9.5, 8.75], "texture": "#0"},
				"south": {"uv": [7.5, 13.5, 8.25, 13.75], "texture": "#0"},
				"west": {"uv": [10.5, 8, 11, 8.25], "texture": "#0"},
				"up": {"uv": [5.75, 13.5, 5, 13], "texture": "#0"},
				"down": {"uv": [13.75, 5, 13, 5.5], "texture": "#0"}
			}
		},
		{
			"from": [7.25, 25.5, 3],
			"to": [8.75, 26, 5],
			"faces": {
				"north": {"uv": [13.5, 8, 14.25, 8.25], "texture": "#0"},
				"east": {"uv": [13, 6.5, 14, 6.75], "texture": "#0"},
				"south": {"uv": [8.5, 13.5, 9.25, 13.75], "texture": "#0"},
				"west": {"uv": [13, 9, 14, 9.25], "texture": "#0"},
				"up": {"uv": [12.75, 8.5, 12, 7.5], "texture": "#0"},
				"down": {"uv": [12.75, 8.5, 12, 9.5], "texture": "#0"}
			}
		},
		{
			"from": [7.25, 22.25, 9],
			"to": [8.75, 25.25, 12],
			"faces": {
				"north": {"uv": [11.5, 2, 12.25, 3.5], "texture": "#0"},
				"east": {"uv": [6.5, 9, 8, 10.5], "texture": "#0"},
				"south": {"uv": [11.5, 3.5, 12.25, 5], "texture": "#0"},
				"west": {"uv": [8, 9, 9.5, 10.5], "texture": "#0"},
				"up": {"uv": [5.75, 13, 5, 11.5], "texture": "#0"},
				"down": {"uv": [12.25, 5, 11.5, 6.5], "texture": "#0"}
			}
		},
		{
			"from": [7.25, 21.25, 9],
			"to": [8.75, 22.25, 9.5],
			"faces": {
				"north": {"uv": [13, 5.5, 13.75, 6], "texture": "#0"},
				"east": {"uv": [11.5, 7.5, 11.75, 8], "texture": "#0"},
				"south": {"uv": [13, 6, 13.75, 6.5], "texture": "#0"},
				"west": {"uv": [12, 9.5, 12.25, 10], "texture": "#0"},
				"up": {"uv": [14.25, 8.75, 13.5, 8.5], "texture": "#0"},
				"down": {"uv": [10.25, 13.5, 9.5, 13.75], "texture": "#0"}
			}
		},
		{
			"from": [7.25, 21.75, 9.5],
			"to": [8.75, 22.25, 11],
			"faces": {
				"north": {"uv": [13.5, 9.5, 14.25, 9.75], "texture": "#0"},
				"east": {"uv": [13.5, 10, 14.25, 10.25], "texture": "#0"},
				"south": {"uv": [10.5, 13.5, 11.25, 13.75], "texture": "#0"},
				"west": {"uv": [13.5, 10.5, 14.25, 10.75], "texture": "#0"},
				"up": {"uv": [13.25, 12.25, 12.5, 11.5], "texture": "#0"},
				"down": {"uv": [13.25, 12.5, 12.5, 13.25], "texture": "#0"}
			}
		},
		{
			"from": [7.5, 19.5, 1],
			"to": [8.5, 26.5, 4],
			"faces": {
				"north": {"uv": [9.5, 0, 10, 3.5], "texture": "#0"},
				"east": {"uv": [4, 0, 5.5, 3.5], "texture": "#0"},
				"south": {"uv": [9.5, 8.5, 10, 12], "texture": "#0"},
				"west": {"uv": [4, 3.5, 5.5, 7], "texture": "#0"},
				"up": {"uv": [10.5, 3.5, 10, 2], "texture": "#0"},
				"down": {"uv": [5, 12, 4.5, 13.5], "texture": "#0"}
			}
		},
		{
			"from": [7.5, 22.75, 11],
			"to": [8.5, 24.75, 14],
			"faces": {
				"north": {"uv": [13, 0, 13.5, 1], "texture": "#0"},
				"east": {"uv": [11, 10, 12.5, 11], "texture": "#0"},
				"south": {"uv": [13, 1, 13.5, 2], "texture": "#0"},
				"west": {"uv": [11, 11, 12.5, 12], "texture": "#0"},
				"up": {"uv": [10, 13.5, 9.5, 12], "texture": "#0"},
				"down": {"uv": [11.5, 12, 11, 13.5], "texture": "#0"}
			}
		},
		{
			"from": [7.75, 20, -1],
			"to": [8.25, 26, 2],
			"faces": {
				"north": {"uv": [11.5, 12, 11.75, 15], "texture": "#0"},
				"east": {"uv": [7, 0, 8.5, 3], "texture": "#0"},
				"south": {"uv": [12, 12, 12.25, 15], "texture": "#0"},
				"west": {"uv": [7, 3, 8.5, 6], "texture": "#0"},
				"up": {"uv": [13.25, 9, 13, 7.5], "texture": "#0"},
				"down": {"uv": [13.75, 0, 13.5, 1.5], "texture": "#0"}
			}
		},
		{
			"from": [7.75, 22, 14],
			"to": [8.25, 24, 15],
			"faces": {
				"north": {"uv": [7, 13.5, 7.25, 14.5], "texture": "#0"},
				"east": {"uv": [13, 2, 13.5, 3], "texture": "#0"},
				"south": {"uv": [13.5, 7, 13.75, 8], "texture": "#0"},
				"west": {"uv": [13, 3, 13.5, 4], "texture": "#0"},
				"up": {"uv": [13.75, 11.5, 13.5, 11], "texture": "#0"},
				"down": {"uv": [13.75, 11.5, 13.5, 12], "texture": "#0"}
			}
		},
		{
			"from": [7.875, 21, 14.75],
			"to": [8.125, 23, 15.5],
			"faces": {
				"north": {"uv": [13.5, 12, 13.625, 13], "texture": "#0"},
				"east": {"uv": [13.5, 1.5, 13.875, 2.5], "texture": "#0"},
				"south": {"uv": [12.5, 13.5, 12.625, 14.5], "texture": "#0"},
				"west": {"uv": [13.5, 2.5, 13.875, 3.5], "texture": "#0"},
				"up": {"uv": [13.125, 13.875, 13, 13.5], "texture": "#0"},
				"down": {"uv": [13.625, 13, 13.5, 13.375], "texture": "#0"}
			}
		},
		{
			"from": [7.75, 13.80239, 0.03387],
			"to": [8.25, 20.80239, 3.03387],
			"rotation": {"angle": -22.5, "axis": "x", "origin": [8, 17.80239, 1.53387]},
			"faces": {
				"north": {"uv": [6, 11.5, 6.25, 15], "texture": "#0"},
				"east": {"uv": [5.5, 0, 7, 3.5], "texture": "#0"},
				"south": {"uv": [4, 12, 4.25, 15.5], "texture": "#0"},
				"west": {"uv": [5.5, 3.5, 7, 7], "texture": "#0"},
				"up": {"uv": [4.75, 15, 4.5, 13.5], "texture": "#0"},
				"down": {"uv": [5.25, 13.5, 5, 15], "texture": "#0"}
			}
		},
		{
			"from": [7.75, 24.93934, -1.43934],
			"to": [8.25, 29.93934, 0.81066],
			"rotation": {"angle": 45, "axis": "x", "origin": [8, 24.93934, 0.06066]},
			"faces": {
				"north": {"uv": [12.5, 2, 12.75, 4.5], "texture": "#0"},
				"east": {"uv": [5, 9, 6.125, 11.5], "texture": "#0"},
				"south": {"uv": [12.5, 4.5, 12.75, 7], "texture": "#0"},
				"west": {"uv": [9, 6, 10.125, 8.5], "texture": "#0"},
				"up": {"uv": [5.75, 14.625, 5.5, 13.5], "texture": "#0"},
				"down": {"uv": [6.75, 13.5, 6.5, 14.625], "texture": "#0"}
			}
		},
		{
			"from": [7, 20, 7],
			"to": [9, 26, 9],
			"faces": {
				"north": {"uv": [8, 6, 9, 9], "texture": "#0"},
				"east": {"uv": [8.5, 0, 9.5, 3], "texture": "#0"},
				"south": {"uv": [8.5, 3, 9.5, 6], "texture": "#0"},
				"west": {"uv": [4, 9, 5, 12], "texture": "#0"},
				"up": {"uv": [8, 7, 7, 6], "texture": "#0"},
				"down": {"uv": [12.5, 6.5, 11.5, 7.5], "texture": "#0"}
			}
		}
	],
	"display": {
		"thirdperson_righthand": {
			"translation": [0, 3.5, 0]
		},
		"thirdperson_lefthand": {
			"translation": [0, 3.5, 0]
		},
		"firstperson_righthand": {
			"translation": [2, 0, 0]
		},
		"firstperson_lefthand": {
			"translation": [2, 0, 0]
		},
		"gui": {
			"rotation": [-90, 45, 90],
			"scale": [0.75, 0.75, 0.75]
		},
		"fixed": {
			"rotation": [-90, -45, -90],
			"scale": [0.75, 0.75, 0.75]
		}
	},
	"groups": [
		{
			"name": "group",
			"origin": [0, 0, 0],
			"color": 0,
			"children": [0, 1, 2, 3, 4, 5, 6, 7, 8, 9, 10, 11, 12, 13, 14, 15, 16, 17]
		}
	]
}