{
	"credit": "Made with Blockbench",
	"texture_size": [64, 64],
	"textures": {
		"0": "block/CandyHammer",
		"particle": "block/CandyHammer"
	},
	"elements": [
		{
			"from": [7.25, -14, 7.25],
			"to": [8.75, 20, 8.75],
			"faces": {
				"north": {"uv": [0, 4, 0.375, 12.5], "texture": "#0"},
				"east": {"uv": [4, 0, 4.375, 8.5], "texture": "#0"},
				"south": {"uv": [0.5, 4, 0.875, 12.5], "texture": "#0"},
				"west": {"uv": [1, 4, 1.375, 12.5], "texture": "#0"},
				"up": {"uv": [8.875, 5.875, 8.5, 5.5], "texture": "#0"},
				"down": {"uv": [6.375, 8.5, 6, 8.875], "texture": "#0"}
			}
		},
		{
			"from": [6.5, 18, 6.5],
			"to": [9.5, 20, 9.5],
			"faces": {
				"north": {"uv": [8.5, 0, 9.25, 0.5], "texture": "#0"},
				"east": {"uv": [8.5, 0.5, 9.25, 1], "texture": "#0"},
				"south": {"uv": [8.5, 1, 9.25, 1.5], "texture": "#0"},
				"west": {"uv": [8.5, 1.5, 9.25, 2], "texture": "#0"},
				"up": {"uv": [8.25, 5.25, 7.5, 4.5], "texture": "#0"},
				"down": {"uv": [9, 4.5, 8.25, 5.25], "texture": "#0"}
			}
		},
		{
			"from": [7, 15, 7],
			"to": [9, 18, 9],
			"faces": {
				"north": {"uv": [3.5, 4, 4, 4.75], "texture": "#0"},
				"east": {"uv": [3.5, 4.75, 4, 5.5], "texture": "#0"},
				"south": {"uv": [3.5, 5.5, 4, 6.25], "texture": "#0"},
				"west": {"uv": [3.5, 6.25, 4, 7], "texture": "#0"},
				"up": {"uv": [4, 7.5, 3.5, 7], "texture": "#0"},
				"down": {"uv": [4, 7.5, 3.5, 8], "texture": "#0"}
			}
		},
		{
			"from": [6, 20, 5],
			"to": [10, 21, 11],
			"faces": {
				"north": {"uv": [8.5, 2.75, 9.5, 3], "texture": "#0"},
				"east": {"uv": [7.5, 5.25, 9, 5.5], "texture": "#0"},
				"south": {"uv": [8.5, 3, 9.5, 3.25], "texture": "#0"},
				"west": {"uv": [8.5, 2, 10, 2.25], "texture": "#0"},
				"up": {"uv": [5.5, 8.5, 4.5, 7], "texture": "#0"},
				"down": {"uv": [6.5, 7, 5.5, 8.5], "texture": "#0"}
			}
		},
		{
			"from": [6, 27, 5],
			"to": [10, 28, 11],
			"faces": {
				"north": {"uv": [8.5, 3.25, 9.5, 3.5], "texture": "#0"},
				"east": {"uv": [8.5, 2.25, 10, 2.5], "texture": "#0"},
				"south": {"uv": [3.5, 8.5, 4.5, 8.75], "texture": "#0"},
				"west": {"uv": [8.5, 2.5, 10, 2.75], "texture": "#0"},
				"up": {"uv": [7.5, 8.5, 6.5, 7], "texture": "#0"},
				"down": {"uv": [8.5, 1.5, 7.5, 3], "texture": "#0"}
			}
		},
		{
			"from": [6, 21, 4],
			"to": [10, 27, 12],
			"faces": {
				"north": {"uv": [7.5, 3, 8.5, 4.5], "texture": "#0"},
				"east": {"uv": [1.5, 4, 3.5, 5.5], "texture": "#0"},
				"south": {"uv": [7.5, 7, 8.5, 8.5], "texture": "#0"},
				"west": {"uv": [4.5, 0, 6.5, 1.5], "texture": "#0"},
				"up": {"uv": [2.5, 9, 1.5, 7], "texture": "#0"},
				"down": {"uv": [3.5, 7, 2.5, 9], "texture": "#0"}
			}
		},
		{
			"from": [4, 20, -2],
			"to": [12, 28, 4],
			"faces": {
				"north": {"uv": [0, 0, 2, 2], "texture": "#0"},
				"east": {"uv": [4.5, 1.5, 6, 3.5], "texture": "#0"},
				"south": {"uv": [0, 2, 2, 4], "texture": "#0"},
				"west": {"uv": [4.5, 3.5, 6, 5.5], "texture": "#0"},
				"up": {"uv": [3.5, 7, 1.5, 5.5], "texture": "#0"},
				"down": {"uv": [6.5, 5.5, 4.5, 7], "texture": "#0"}
			}
		},
		{
			"from": [4, 20, 12],
			"to": [12, 28, 18],
			"faces": {
				"north": {"uv": [2, 0, 4, 2], "texture": "#0"},
				"east": {"uv": [6, 1.5, 7.5, 3.5], "texture": "#0"},
				"south": {"uv": [2, 2, 4, 4], "texture": "#0"},
				"west": {"uv": [6, 3.5, 7.5, 5.5], "texture": "#0"},
				"up": {"uv": [8.5, 1.5, 6.5, 0], "texture": "#0"},
				"down": {"uv": [8.5, 5.5, 6.5, 7], "texture": "#0"}
			}
		},
		{
			"from": [7, -16, 7],
			"to": [9, -14, 9],
			"faces": {
				"north": {"uv": [3.5, 8, 4, 8.5], "texture": "#0"},
				"east": {"uv": [8.5, 3.5, 9, 4], "texture": "#0"},
				"south": {"uv": [8.5, 4, 9, 4.5], "texture": "#0"},
				"west": {"uv": [4.5, 8.5, 5, 9], "texture": "#0"},
				"up": {"uv": [5.5, 9, 5, 8.5], "texture": "#0"},
				"down": {"uv": [6, 8.5, 5.5, 9], "texture": "#0"}
			}
		}
	],
	"display": {
		"thirdperson_righthand": {
			"translation": [0, 7, 0]
		},
		"thirdperson_lefthand": {
			"translation": [0, 7, 0]
		},
		"firstperson_righthand": {
			"translation": [1.5, 3.5, 0]
		},
		"firstperson_lefthand": {
			"translation": [1.5, 3.5, 0]
		},
		"ground": {
			"scale": [0.5, 0.5, 0.5]
		},
		"gui": {
			"rotation": [-90, 45, 90],
			"scale": [0.5, 0.5, 0.5]
		},
		"fixed": {
			"rotation": [-90, -45, -90],
			"scale": [0.5, 0.5, 0.5]
		}
	},
	"groups": [
		{
			"name": "group",
			"origin": [0, 0, 0],
			"color": 0,
			"children": [0, 1, 2, 3, 4, 5, 6, 7, 8]
		}
	]
}