{
	"credit": "Made with Blockbench",
	"texture_size": [32, 32],
	"textures": {
		"0": "block/EvilReel",
		"particle": "block/EvilReel"
	},
	"elements": [
		{
			"from": [3.5, 0.5, 6.5],
			"to": [12.5, 1.5, 7.5],
			"faces": {
				"north": {"uv": [0, 8, 4.5, 8.5], "texture": "#0"},
				"east": {"uv": [8, 5.5, 8.5, 6], "texture": "#0"},
				"south": {"uv": [8, 0, 12.5, 0.5], "texture": "#0"},
				"west": {"uv": [8, 6, 8.5, 6.5], "texture": "#0"},
				"up": {"uv": [12.5, 1, 8, 0.5], "texture": "#0"},
				"down": {"uv": [12.5, 1, 8, 1.5], "texture": "#0"}
			}
		},
		{
			"from": [4, 2, 8],
			"to": [12, 10, 8],
			"faces": {
				"north": {"uv": [0, 0, 4, 4], "texture": "#0"},
				"east": {"uv": [0, 0, 0, 4], "texture": "#0"},
				"south": {"uv": [0, 4, 4, 8], "texture": "#0"},
				"west": {"uv": [0, 0, 0, 4], "texture": "#0"},
				"up": {"uv": [4, 0, 0, 0], "texture": "#0"},
				"down": {"uv": [4, 0, 0, 0], "texture": "#0"}
			}
		},
		{
			"from": [4, 10, 8],
			"to": [12, 12, 10],
			"faces": {
				"north": {"uv": [4, 0, 8, 1], "texture": "#0"},
				"east": {"uv": [8, 3.5, 9, 4.5], "texture": "#0"},
				"south": {"uv": [4, 1, 8, 2], "texture": "#0"},
				"west": {"uv": [4.5, 8, 5.5, 9], "texture": "#0"},
				"up": {"uv": [8, 3, 4, 2], "texture": "#0"},
				"down": {"uv": [8, 3, 4, 4], "texture": "#0"}
			}
		},
		{
			"from": [4, 0, 6],
			"to": [12, 2, 8],
			"faces": {
				"north": {"uv": [4, 4, 8, 5], "texture": "#0"},
				"east": {"uv": [8, 4.5, 9, 5.5], "texture": "#0"},
				"south": {"uv": [4, 5, 8, 6], "texture": "#0"},
				"west": {"uv": [5.5, 8, 6.5, 9], "texture": "#0"},
				"up": {"uv": [8, 7, 4, 6], "texture": "#0"},
				"down": {"uv": [8, 7, 4, 8], "texture": "#0"}
			}
		},
		{
			"from": [3.5, 10.5, 8.5],
			"to": [12.5, 11.5, 9.5],
			"faces": {
				"north": {"uv": [8, 1.5, 12.5, 2], "texture": "#0"},
				"east": {"uv": [6.5, 8, 7, 8.5], "texture": "#0"},
				"south": {"uv": [8, 2, 12.5, 2.5], "texture": "#0"},
				"west": {"uv": [8, 6.5, 8.5, 7], "texture": "#0"},
				"up": {"uv": [12.5, 3, 8, 2.5], "texture": "#0"},
				"down": {"uv": [12.5, 3, 8, 3.5], "texture": "#0"}
			}
		}
	],
	"display": {
		"thirdperson_righthand": {
			"rotation": [0, 90, 0],
			"translation": [0, 2, 0],
			"scale": [0.5, 0.5, 0.5]
		},
		"thirdperson_lefthand": {
			"rotation": [0, 90, 0],
			"translation": [0, 2, 0],
			"scale": [0.5, 0.5, 0.5]
		},
		"firstperson_righthand": {
			"rotation": [0, 90, 0],
			"translation": [0, 2, 0]
		},
		"firstperson_lefthand": {
			"rotation": [0, 90, 0],
			"translation": [0, 2, 0]
		},
		"gui": {
			"rotation": [0, 180, 0],
			"translation": [0, 2, 0],
			"scale": [1.5, 1.5, 1.5]
		},
		"fixed": {
			"translation": [0, 0, -0.5]
		}
	},
	"groups": [
		{
			"name": "group",
			"origin": [0, 0, 0],
			"color": 0,
			"children": [0, 1, 2, 3, 4]
		}
	]
}