{
	"credit": "Made with Blockbench",
	"texture_size": [32, 32],
	"textures": {
		"0": "block/FogKatana",
		"particle": "block/FogKatana"
	},
	"elements": [
		{
			"from": [7.25, -6.5, 7],
			"to": [8.75, -4.5, 9],
			"faces": {
				"north": {"uv": [5, 0, 5.75, 1], "texture": "#0"},
				"east": {"uv": [4, 1.5, 5, 2.5], "texture": "#0"},
				"south": {"uv": [5, 1, 5.75, 2], "texture": "#0"},
				"west": {"uv": [4, 2.5, 5, 3.5], "texture": "#0"},
				"up": {"uv": [5.75, 3, 5, 2], "texture": "#0"},
				"down": {"uv": [3.75, 5, 3, 6], "texture": "#0"}
			}
		},
		{
			"from": [7.5, -5, 7.25],
			"to": [8.5, 2, 8.75],
			"faces": {
				"north": {"uv": [2, 3.5, 2.5, 7], "texture": "#0"},
				"east": {"uv": [2, 0, 2.75, 3.5], "texture": "#0"},
				"south": {"uv": [2.5, 3.5, 3, 7], "texture": "#0"},
				"west": {"uv": [3, 0, 3.75, 3.5], "texture": "#0"},
				"up": {"uv": [4, 7.75, 3.5, 7], "texture": "#0"},
				"down": {"uv": [2.5, 7.5, 2, 8.25], "texture": "#0"}
			}
		},
		{
			"from": [6, 2, 6.5],
			"to": [6.5, 2.5, 9.5],
			"faces": {
				"north": {"uv": [7.5, 9, 7.75, 9.25], "texture": "#0"},
				"east": {"uv": [7.5, 2, 9, 2.25], "texture": "#0"},
				"south": {"uv": [8, 9, 8.25, 9.25], "texture": "#0"},
				"west": {"uv": [7.5, 2.5, 9, 2.75], "texture": "#0"},
				"up": {"uv": [2.75, 9, 2.5, 7.5], "texture": "#0"},
				"down": {"uv": [3.25, 7.5, 3, 9], "texture": "#0"}
			}
		},
		{
			"from": [9.5, 2, 6.5],
			"to": [10, 2.5, 9.5],
			"faces": {
				"north": {"uv": [9, 8, 9.25, 8.25], "texture": "#0"},
				"east": {"uv": [7.5, 4, 9, 4.25], "texture": "#0"},
				"south": {"uv": [8.5, 9, 8.75, 9.25], "texture": "#0"},
				"west": {"uv": [7.5, 4.5, 9, 4.75], "texture": "#0"},
				"up": {"uv": [5.25, 9, 5, 7.5], "texture": "#0"},
				"down": {"uv": [5.75, 7.5, 5.5, 9], "texture": "#0"}
			}
		},
		{
			"from": [7, 2, 5.5],
			"to": [9, 2.5, 6],
			"faces": {
				"north": {"uv": [0.5, 8, 1.5, 8.25], "texture": "#0"},
				"east": {"uv": [9, 8.5, 9.25, 8.75], "texture": "#0"},
				"south": {"uv": [8, 3, 9, 3.25], "texture": "#0"},
				"west": {"uv": [9, 9, 9.25, 9.25], "texture": "#0"},
				"up": {"uv": [9, 3.75, 8, 3.5], "texture": "#0"},
				"down": {"uv": [9, 5, 8, 5.25], "texture": "#0"}
			}
		},
		{
			"from": [7, 2, 6.5],
			"to": [9, 2.5, 9.5],
			"faces": {
				"north": {"uv": [6, 8, 7, 8.25], "texture": "#0"},
				"east": {"uv": [7.5, 5.5, 9, 5.75], "texture": "#0"},
				"south": {"uv": [8, 6, 9, 6.25], "texture": "#0"},
				"west": {"uv": [6, 7.5, 7.5, 7.75], "texture": "#0"},
				"up": {"uv": [4, 5, 3, 3.5], "texture": "#0"},
				"down": {"uv": [5, 0, 4, 1.5], "texture": "#0"}
			}
		},
		{
			"from": [6.5, 2, 7.5],
			"to": [7, 2.5, 8.5],
			"faces": {
				"north": {"uv": [0, 9.5, 0.25, 9.75], "texture": "#0"},
				"east": {"uv": [9, 1.5, 9.5, 1.75], "texture": "#0"},
				"south": {"uv": [9.5, 0, 9.75, 0.25], "texture": "#0"},
				"west": {"uv": [2, 9, 2.5, 9.25], "texture": "#0"},
				"up": {"uv": [9.25, 2.5, 9, 2], "texture": "#0"},
				"down": {"uv": [2.75, 9, 2.5, 9.5], "texture": "#0"}
			}
		},
		{
			"from": [7, 2, 10],
			"to": [9, 2.5, 10.5],
			"faces": {
				"north": {"uv": [8, 6.5, 9, 6.75], "texture": "#0"},
				"east": {"uv": [9.5, 0.5, 9.75, 0.75], "texture": "#0"},
				"south": {"uv": [8, 7, 9, 7.25], "texture": "#0"},
				"west": {"uv": [9.5, 1, 9.75, 1.25], "texture": "#0"},
				"up": {"uv": [9, 7.75, 8, 7.5], "texture": "#0"},
				"down": {"uv": [9, 8, 8, 8.25], "texture": "#0"}
			}
		},
		{
			"from": [7.5, 2, 6],
			"to": [8.5, 2.5, 6.5],
			"faces": {
				"north": {"uv": [9, 2.5, 9.5, 2.75], "texture": "#0"},
				"east": {"uv": [9.5, 1.5, 9.75, 1.75], "texture": "#0"},
				"south": {"uv": [3, 9, 3.5, 9.25], "texture": "#0"},
				"west": {"uv": [2, 9.5, 2.25, 9.75], "texture": "#0"},
				"up": {"uv": [9.5, 3.25, 9, 3], "texture": "#0"},
				"down": {"uv": [4, 9, 3.5, 9.25], "texture": "#0"}
			}
		},
		{
			"from": [9, 2, 7.5],
			"to": [9.5, 2.5, 8.5],
			"faces": {
				"north": {"uv": [9.5, 2, 9.75, 2.25], "texture": "#0"},
				"east": {"uv": [9, 3.5, 9.5, 3.75], "texture": "#0"},
				"south": {"uv": [2.5, 9.5, 2.75, 9.75], "texture": "#0"},
				"west": {"uv": [9, 4, 9.5, 4.25], "texture": "#0"},
				"up": {"uv": [9.25, 5, 9, 4.5], "texture": "#0"},
				"down": {"uv": [5.25, 9, 5, 9.5], "texture": "#0"}
			}
		},
		{
			"from": [7.5, 2, 9.5],
			"to": [8.5, 2.5, 10],
			"faces": {
				"north": {"uv": [9, 5, 9.5, 5.25], "texture": "#0"},
				"east": {"uv": [9.5, 2.5, 9.75, 2.75], "texture": "#0"},
				"south": {"uv": [5.5, 9, 6, 9.25], "texture": "#0"},
				"west": {"uv": [3, 9.5, 3.25, 9.75], "texture": "#0"},
				"up": {"uv": [9.5, 5.75, 9, 5.5], "texture": "#0"},
				"down": {"uv": [6.5, 9, 6, 9.25], "texture": "#0"}
			}
		},
		{
			"from": [7.875, 2.5, 7.25],
			"to": [8.125, 18.5, 8.75],
			"faces": {
				"north": {"uv": [4, 3.5, 4.125, 11.5], "texture": "#0"},
				"east": {"uv": [0, 0, 0.75, 8], "texture": "#0"},
				"south": {"uv": [4.5, 3.5, 4.625, 11.5], "texture": "#0"},
				"west": {"uv": [1, 0, 1.75, 8], "texture": "#0"},
				"up": {"uv": [7.125, 9.75, 7, 9], "texture": "#0"},
				"down": {"uv": [9.125, 7, 9, 7.75], "texture": "#0"}
			}
		},
		{
			"from": [7.875, 18.5, 8.25],
			"to": [8.125, 20.75, 8.75],
			"faces": {
				"north": {"uv": [1, 9, 1.125, 10.125], "texture": "#0"},
				"east": {"uv": [7.5, 7.5, 7.75, 8.625], "texture": "#0"},
				"south": {"uv": [1.5, 9, 1.625, 10.125], "texture": "#0"},
				"west": {"uv": [0, 8, 0.25, 9.125], "texture": "#0"},
				"up": {"uv": [9.625, 5.25, 9.5, 5], "texture": "#0"},
				"down": {"uv": [5.625, 9.5, 5.5, 9.75], "texture": "#0"}
			}
		},
		{
			"from": [7.875, 18.5, 7.25],
			"to": [8.125, 19, 7.75],
			"faces": {
				"north": {"uv": [9.5, 5.5, 9.625, 5.75], "texture": "#0"},
				"east": {"uv": [9.5, 3, 9.75, 3.25], "texture": "#0"},
				"south": {"uv": [6, 9.5, 6.125, 9.75], "texture": "#0"},
				"west": {"uv": [3.5, 9.5, 3.75, 9.75], "texture": "#0"},
				"up": {"uv": [9.625, 6.25, 9.5, 6], "texture": "#0"},
				"down": {"uv": [9.625, 6.5, 9.5, 6.75], "texture": "#0"}
			}
		},
		{
			"from": [7.875, 19, 7.5],
			"to": [8.125, 19.75, 7.75],
			"faces": {
				"north": {"uv": [9.5, 3.5, 9.625, 3.875], "texture": "#0"},
				"east": {"uv": [9.5, 4, 9.625, 4.375], "texture": "#0"},
				"south": {"uv": [9.5, 4.5, 9.625, 4.875], "texture": "#0"},
				"west": {"uv": [5, 9.5, 5.125, 9.875], "texture": "#0"},
				"up": {"uv": [9.625, 7.625, 9.5, 7.5], "texture": "#0"},
				"down": {"uv": [8.125, 9.5, 8, 9.625], "texture": "#0"}
			}
		},
		{
			"from": [7.875, 18.5, 7.75],
			"to": [8.125, 20.25, 8.25],
			"faces": {
				"north": {"uv": [9, 6, 9.125, 6.875], "texture": "#0"},
				"east": {"uv": [0.5, 9, 0.75, 9.875], "texture": "#0"},
				"south": {"uv": [6.5, 9, 6.625, 9.875], "texture": "#0"},
				"west": {"uv": [9, 0.5, 9.25, 1.375], "texture": "#0"},
				"up": {"uv": [9.625, 7.25, 9.5, 7], "texture": "#0"},
				"down": {"uv": [7.625, 9.5, 7.5, 9.75], "texture": "#0"}
			}
		},
		{
			"from": [7.875, 20.25, 8],
			"to": [8.125, 20.5, 8.25],
			"faces": {
				"north": {"uv": [9.5, 8, 9.625, 8.125], "texture": "#0"},
				"east": {"uv": [8.5, 9.5, 8.625, 9.625], "texture": "#0"},
				"south": {"uv": [9.5, 8.5, 9.625, 8.625], "texture": "#0"},
				"west": {"uv": [9, 9.5, 9.125, 9.625], "texture": "#0"},
				"up": {"uv": [9.625, 9.125, 9.5, 9], "texture": "#0"},
				"down": {"uv": [9.625, 9.5, 9.5, 9.625], "texture": "#0"}
			}
		},
		{
			"from": [6, 7, 6],
			"to": [7, 8, 9],
			"faces": {
				"north": {"uv": [1.5, 8, 2, 8.5], "texture": "#0"},
				"east": {"uv": [5, 3, 6.5, 3.5], "texture": "#0"},
				"south": {"uv": [3.5, 8, 4, 8.5], "texture": "#0"},
				"west": {"uv": [5, 3.5, 6.5, 4], "texture": "#0"},
				"up": {"uv": [5.5, 5.5, 5, 4], "texture": "#0"},
				"down": {"uv": [6, 4, 5.5, 5.5], "texture": "#0"}
			}
		},
		{
			"from": [6, 15, 6],
			"to": [7, 16, 8],
			"faces": {
				"north": {"uv": [7, 8, 7.5, 8.5], "texture": "#0"},
				"east": {"uv": [5, 6, 6, 6.5], "texture": "#0"},
				"south": {"uv": [8.5, 0, 9, 0.5], "texture": "#0"},
				"west": {"uv": [6, 5, 7, 5.5], "texture": "#0"},
				"up": {"uv": [4, 7, 3.5, 6], "texture": "#0"},
				"down": {"uv": [6.5, 6, 6, 7], "texture": "#0"}
			}
		},
		{
			"from": [9, 9, 6],
			"to": [10, 10, 9],
			"faces": {
				"north": {"uv": [0.5, 8.5, 1, 9], "texture": "#0"},
				"east": {"uv": [5, 5.5, 6.5, 6], "texture": "#0"},
				"south": {"uv": [8.5, 0.5, 9, 1], "texture": "#0"},
				"west": {"uv": [6, 0, 7.5, 0.5], "texture": "#0"},
				"up": {"uv": [6.5, 2, 6, 0.5], "texture": "#0"},
				"down": {"uv": [3.5, 6, 3, 7.5], "texture": "#0"}
			}
		},
		{
			"from": [9, 13, 6],
			"to": [10, 14, 8],
			"faces": {
				"north": {"uv": [1, 8.5, 1.5, 9], "texture": "#0"},
				"east": {"uv": [6.5, 0.5, 7.5, 1], "texture": "#0"},
				"south": {"uv": [8.5, 1, 9, 1.5], "texture": "#0"},
				"west": {"uv": [6.5, 1, 7.5, 1.5], "texture": "#0"},
				"up": {"uv": [7, 4, 6.5, 3], "texture": "#0"},
				"down": {"uv": [5.5, 6.5, 5, 7.5], "texture": "#0"}
			}
		},
		{
			"from": [6, 12, 8],
			"to": [7, 13, 10],
			"faces": {
				"north": {"uv": [1.5, 8.5, 2, 9], "texture": "#0"},
				"east": {"uv": [6.5, 1.5, 7.5, 2], "texture": "#0"},
				"south": {"uv": [8.5, 1.5, 9, 2], "texture": "#0"},
				"west": {"uv": [6.5, 5.5, 7.5, 6], "texture": "#0"},
				"up": {"uv": [6, 7.5, 5.5, 6.5], "texture": "#0"},
				"down": {"uv": [7, 6, 6.5, 7], "texture": "#0"}
			}
		},
		{
			"from": [7, 10, 5],
			"to": [9, 11, 6],
			"faces": {
				"north": {"uv": [2, 7, 3, 7.5], "texture": "#0"},
				"east": {"uv": [2, 8.5, 2.5, 9], "texture": "#0"},
				"south": {"uv": [7, 3, 8, 3.5], "texture": "#0"},
				"west": {"uv": [3.5, 8.5, 4, 9], "texture": "#0"},
				"up": {"uv": [8, 4, 7, 3.5], "texture": "#0"},
				"down": {"uv": [8, 5, 7, 5.5], "texture": "#0"}
			}
		},
		{
			"from": [7, 6, 5],
			"to": [9, 7, 6],
			"faces": {
				"north": {"uv": [6, 7, 7, 7.5], "texture": "#0"},
				"east": {"uv": [6, 8.5, 6.5, 9], "texture": "#0"},
				"south": {"uv": [7, 6, 8, 6.5], "texture": "#0"},
				"west": {"uv": [6.5, 8.5, 7, 9], "texture": "#0"},
				"up": {"uv": [8, 7, 7, 6.5], "texture": "#0"},
				"down": {"uv": [8, 7, 7, 7.5], "texture": "#0"}
			}
		},
		{
			"from": [7, 8, 10],
			"to": [9, 9, 11],
			"faces": {
				"north": {"uv": [7.5, 0, 8.5, 0.5], "texture": "#0"},
				"east": {"uv": [7, 8.5, 7.5, 9], "texture": "#0"},
				"south": {"uv": [7.5, 0.5, 8.5, 1], "texture": "#0"},
				"west": {"uv": [8, 8.5, 8.5, 9], "texture": "#0"},
				"up": {"uv": [8.5, 1.5, 7.5, 1], "texture": "#0"},
				"down": {"uv": [8.5, 1.5, 7.5, 2], "texture": "#0"}
			}
		},
		{
			"from": [7, 14, 10],
			"to": [10, 15, 11],
			"faces": {
				"north": {"uv": [6, 2, 7.5, 2.5], "texture": "#0"},
				"east": {"uv": [8.5, 8.5, 9, 9], "texture": "#0"},
				"south": {"uv": [6, 2.5, 7.5, 3], "texture": "#0"},
				"west": {"uv": [9, 0, 9.5, 0.5], "texture": "#0"},
				"up": {"uv": [7.5, 4.5, 6, 4], "texture": "#0"},
				"down": {"uv": [7.5, 4.5, 6, 5], "texture": "#0"}
			}
		}
	],
	"display": {
		"thirdperson_righthand": {
			"translation": [0, 7, 0]
		},
		"thirdperson_lefthand": {
			"translation": [0, 7, 0]
		},
		"firstperson_righthand": {
			"translation": [0, 6, 0]
		},
		"firstperson_lefthand": {
			"translation": [0, 6, 0]
		},
		"ground": {
			"translation": [0, 5.25, 0]
		},
		"gui": {
			"rotation": [-90, 45, 90]
		},
		"fixed": {
			"rotation": [-90, -45, -90]
		}
	},
	"groups": [
		{
			"name": "整體",
			"origin": [8, 8, 8],
			"color": 0,
			"children": [
				{
					"name": "group",
					"origin": [0, 0, 0],
					"color": 0,
					"children": [0, 1]
				},
				{
					"name": "group",
					"origin": [0, 0, 0],
					"color": 0,
					"children": [2, 3, 4, 5, 6, 7, 8, 9, 10]
				},
				{
					"name": "group",
					"origin": [8, 8, 8],
					"color": 0,
					"children": [11, 12, 13, 14, 15, 16]
				},
				{
					"name": "group",
					"origin": [0, 0, 0],
					"color": 0,
					"children": [17, 18, 19, 20, 21, 22, 23, 24, 25]
				}
			]
		}
	]
}