{
	"credit": "Made with Blockbench",
	"texture_size": [32, 32],
	"textures": {
		"0": "block/KnightSword",
		"particle": "block/KnightSword"
	},
	"elements": [
		{
			"from": [7, -5, 7],
			"to": [9, -3, 9],
			"faces": {
				"north": {"uv": [8, 5, 9, 6], "texture": "#0"},
				"east": {"uv": [8, 6, 9, 7], "texture": "#0"},
				"south": {"uv": [8, 7, 9, 8], "texture": "#0"},
				"west": {"uv": [8, 8, 9, 9], "texture": "#0"},
				"up": {"uv": [9.5, 1, 8.5, 0], "texture": "#0"},
				"down": {"uv": [9.5, 1, 8.5, 2], "texture": "#0"}
			}
		},
		{
			"from": [7.5, -4, 7.5],
			"to": [8.5, 2, 8.5],
			"faces": {
				"north": {"uv": [7.5, 0, 8, 3], "texture": "#0"},
				"east": {"uv": [7.5, 3, 8, 6], "texture": "#0"},
				"south": {"uv": [6, 7.5, 6.5, 10.5], "texture": "#0"},
				"west": {"uv": [7.5, 6, 8, 9], "texture": "#0"},
				"up": {"uv": [9, 5, 8.5, 4.5], "texture": "#0"},
				"down": {"uv": [10.5, 1, 10, 1.5], "texture": "#0"}
			}
		},
		{
			"from": [7, 2, 6],
			"to": [9, 3, 10],
			"faces": {
				"north": {"uv": [9.5, 1.5, 10.5, 2], "texture": "#0"},
				"east": {"uv": [2, 8.5, 4, 9], "texture": "#0"},
				"south": {"uv": [9.5, 2.5, 10.5, 3], "texture": "#0"},
				"west": {"uv": [8.5, 2, 10.5, 2.5], "texture": "#0"},
				"up": {"uv": [7, 5.5, 6, 3.5], "texture": "#0"},
				"down": {"uv": [7, 5.5, 6, 7.5], "texture": "#0"}
			}
		},
		{
			"from": [7, 2.75, 9],
			"to": [9, 3.75, 11],
			"rotation": {"angle": -45, "axis": "x", "origin": [8, 3.5, 10.5]},
			"faces": {
				"north": {"uv": [9.5, 3, 10.5, 3.5], "texture": "#0"},
				"east": {"uv": [9.5, 3.5, 10.5, 4], "texture": "#0"},
				"south": {"uv": [4, 9.5, 5, 10], "texture": "#0"},
				"west": {"uv": [9.5, 4, 10.5, 4.5], "texture": "#0"},
				"up": {"uv": [9.5, 3.5, 8.5, 2.5], "texture": "#0"},
				"down": {"uv": [9.5, 3.5, 8.5, 4.5], "texture": "#0"}
			}
		},
		{
			"from": [7.625, 3, 7],
			"to": [8.375, 12.5, 9],
			"faces": {
				"north": {"uv": [7, 0, 7.375, 4.75], "texture": "#0"},
				"east": {"uv": [0, 5, 1, 9.75], "texture": "#0"},
				"south": {"uv": [7, 5, 7.375, 9.75], "texture": "#0"},
				"west": {"uv": [1, 5, 2, 9.75], "texture": "#0"},
				"up": {"uv": [10.375, 1, 10, 0], "texture": "#0"},
				"down": {"uv": [1.375, 10, 1, 11], "texture": "#0"}
			}
		},
		{
			"from": [7.625, 12.5, 7.5],
			"to": [8.375, 14.75, 8.5],
			"faces": {
				"north": {"uv": [9.5, 8, 9.875, 9.125], "texture": "#0"},
				"east": {"uv": [8.5, 9, 9, 10.125], "texture": "#0"},
				"south": {"uv": [9.5, 9.5, 9.875, 10.625], "texture": "#0"},
				"west": {"uv": [9.5, 0, 10, 1.125], "texture": "#0"},
				"up": {"uv": [10.375, 8.5, 10, 8], "texture": "#0"},
				"down": {"uv": [10.375, 8.5, 10, 9], "texture": "#0"}
			}
		},
		{
			"from": [7.75, 3, 6.75],
			"to": [8.25, 12.75, 9.25],
			"faces": {
				"north": {"uv": [6.5, 7.5, 6.75, 12.375], "texture": "#0"},
				"east": {"uv": [3, 0, 4.25, 4.875], "texture": "#0"},
				"south": {"uv": [8, 0, 8.25, 4.875], "texture": "#0"},
				"west": {"uv": [4.5, 0, 5.75, 4.875], "texture": "#0"},
				"up": {"uv": [1.75, 11.25, 1.5, 10], "texture": "#0"},
				"down": {"uv": [4.25, 10, 4, 11.25], "texture": "#0"}
			}
		},
		{
			"from": [7.75, 12.75, 7],
			"to": [8.25, 19, 9],
			"faces": {
				"north": {"uv": [9, 4.5, 9.25, 7.625], "texture": "#0"},
				"east": {"uv": [5, 5, 6, 8.125], "texture": "#0"},
				"south": {"uv": [7.5, 9, 7.75, 12.125], "texture": "#0"},
				"west": {"uv": [6, 0, 7, 3.125], "texture": "#0"},
				"up": {"uv": [5.75, 11, 5.5, 10], "texture": "#0"},
				"down": {"uv": [7.25, 10, 7, 11], "texture": "#0"}
			}
		},
		{
			"from": [7.75, 19, 7.375],
			"to": [8.25, 20.5, 8.625],
			"faces": {
				"north": {"uv": [10, 9, 10.25, 9.75], "texture": "#0"},
				"east": {"uv": [9.5, 6, 10.125, 6.75], "texture": "#0"},
				"south": {"uv": [10, 10, 10.25, 10.75], "texture": "#0"},
				"west": {"uv": [9.5, 7, 10.125, 7.75], "texture": "#0"},
				"up": {"uv": [3.75, 11.125, 3.5, 10.5], "texture": "#0"},
				"down": {"uv": [10.75, 3.5, 10.5, 4.125], "texture": "#0"}
			}
		},
		{
			"from": [7.75, 20.5, 7.625],
			"to": [8.25, 22, 8.375],
			"faces": {
				"north": {"uv": [10.5, 0, 10.75, 0.75], "texture": "#0"},
				"east": {"uv": [4.5, 10, 4.875, 10.75], "texture": "#0"},
				"south": {"uv": [10.5, 1, 10.75, 1.75], "texture": "#0"},
				"west": {"uv": [5, 10, 5.375, 10.75], "texture": "#0"},
				"up": {"uv": [10.75, 10.375, 10.5, 10], "texture": "#0"},
				"down": {"uv": [10.75, 10.5, 10.5, 10.875], "texture": "#0"}
			}
		},
		{
			"from": [7.875, 3, 6.5],
			"to": [8.125, 13, 9.5],
			"faces": {
				"north": {"uv": [8, 9, 8.125, 14], "texture": "#0"},
				"east": {"uv": [0, 0, 1.5, 5], "texture": "#0"},
				"south": {"uv": [9, 8, 9.125, 13], "texture": "#0"},
				"west": {"uv": [1.5, 0, 3, 5], "texture": "#0"},
				"up": {"uv": [2.125, 12, 2, 10.5], "texture": "#0"},
				"down": {"uv": [10.625, 2, 10.5, 3.5], "texture": "#0"}
			}
		},
		{
			"from": [7.875, 13, 6.75],
			"to": [8.125, 19.25, 9.25],
			"faces": {
				"north": {"uv": [0, 10, 0.125, 13.125], "texture": "#0"},
				"east": {"uv": [2, 5, 3.25, 8.125], "texture": "#0"},
				"south": {"uv": [0.5, 10, 0.625, 13.125], "texture": "#0"},
				"west": {"uv": [3.5, 5, 4.75, 8.125], "texture": "#0"},
				"up": {"uv": [10.625, 5.75, 10.5, 4.5], "texture": "#0"},
				"down": {"uv": [6.125, 10.5, 6, 11.75], "texture": "#0"}
			}
		},
		{
			"from": [7.875, 19.25, 7.125],
			"to": [8.125, 21.5, 8.875],
			"faces": {
				"north": {"uv": [10.5, 6, 10.625, 7.125], "texture": "#0"},
				"east": {"uv": [2, 9, 2.875, 10.125], "texture": "#0"},
				"south": {"uv": [10.5, 7.5, 10.625, 8.625], "texture": "#0"},
				"west": {"uv": [3, 9, 3.875, 10.125], "texture": "#0"},
				"up": {"uv": [8.625, 11.375, 8.5, 10.5], "texture": "#0"},
				"down": {"uv": [10.625, 9, 10.5, 9.875], "texture": "#0"}
			}
		},
		{
			"from": [7.875, 21.5, 7.5],
			"to": [8.125, 22.25, 8.5],
			"faces": {
				"north": {"uv": [1, 11, 1.125, 11.375], "texture": "#0"},
				"east": {"uv": [2.5, 10.5, 3, 10.875], "texture": "#0"},
				"south": {"uv": [11, 1, 11.125, 1.375], "texture": "#0"},
				"west": {"uv": [3, 10.5, 3.5, 10.875], "texture": "#0"},
				"up": {"uv": [11.125, 0.5, 11, 0], "texture": "#0"},
				"down": {"uv": [11.125, 0.5, 11, 1], "texture": "#0"}
			}
		},
		{
			"from": [7, 2.75, 5],
			"to": [9, 3.75, 7],
			"rotation": {"angle": 45, "axis": "x", "origin": [8, 3.5, 5.5]},
			"faces": {
				"north": {"uv": [9.5, 4.5, 10.5, 5], "texture": "#0"},
				"east": {"uv": [5, 9.5, 6, 10], "texture": "#0"},
				"south": {"uv": [9.5, 5, 10.5, 5.5], "texture": "#0"},
				"west": {"uv": [9.5, 5.5, 10.5, 6], "texture": "#0"},
				"up": {"uv": [5, 9.5, 4, 8.5], "texture": "#0"},
				"down": {"uv": [6, 8.5, 5, 9.5], "texture": "#0"}
			}
		}
	],
	"display": {
		"thirdperson_righthand": {
			"translation": [0, 6.5, 0]
		},
		"thirdperson_lefthand": {
			"translation": [0, 6.5, 0]
		},
		"firstperson_righthand": {
			"translation": [0, 3, 0]
		},
		"firstperson_lefthand": {
			"translation": [0, 3, 0]
		},
		"ground": {
			"translation": [0, 4, 0]
		},
		"gui": {
			"rotation": [-90, 45, 90]
		},
		"fixed": {
			"rotation": [90, 45, -90]
		}
	},
	"groups": [
		{
			"name": "group",
			"origin": [8, 3.5, 5.5],
			"color": 0,
			"children": [0, 1, 2, 3, 4, 5, 6, 7, 8, 9, 10, 11, 12, 13, 14]
		}
	]
}