{
	"credit": "Made with Blockbench",
	"texture_size": [32, 32],
	"textures": {
		"0": "block/LandDeed",
		"particle": "block/LandDeed"
	},
	"elements": [
		{
			"from": [4, 0, 7],
			"to": [12, 12, 7.125],
			"faces": {
				"north": {"uv": [0, 0, 4, 6], "texture": "#0"},
				"east": {"uv": [2, 6, 2.0625, 12], "texture": "#0"},
				"south": {"uv": [4, 0, 8, 6], "texture": "#0"},
				"west": {"uv": [2.5, 6, 2.5625, 12], "texture": "#0"},
				"up": {"uv": [7, 6.0625, 3, 6], "texture": "#0"},
				"down": {"uv": [7, 6.5, 3, 6.5625], "texture": "#0"}
			}
		},
		{
			"from": [5, 1, 6.75],
			"to": [7, 3, 7],
			"faces": {
				"north": {"uv": [0, 6, 1, 7], "texture": "#0"},
				"east": {"uv": [0, 7, 0.125, 8], "texture": "#0"},
				"south": {"uv": [1, 6, 2, 7], "texture": "#0"},
				"west": {"uv": [0.5, 7, 0.625, 8], "texture": "#0"},
				"up": {"uv": [2, 7.125, 1, 7], "texture": "#0"},
				"down": {"uv": [4, 7, 3, 7.125], "texture": "#0"}
			}
		}
	],
	"display": {
		"thirdperson_righthand": {
			"rotation": [0, 90, 0],
			"translation": [0.5, 0, 0],
			"scale": [0.5, 0.5, 0.5]
		},
		"thirdperson_lefthand": {
			"rotation": [0, 90, 0],
			"translation": [0.5, 0, 0],
			"scale": [0.5, 0.5, 0.5]
		},
		"firstperson_righthand": {
			"rotation": [0, 135, 0]
		},
		"firstperson_lefthand": {
			"rotation": [0, 135, 0]
		},
		"gui": {
			"rotation": [0, 180, 0],
			"translation": [0, 3, 0],
			"scale": [1.5, 1.5, 1.5]
		},
		"fixed": {
			"translation": [0, 3, 0],
			"scale": [1.5, 1.5, 1.5]
		}
	},
	"groups": [
		{
			"name": "group",
			"origin": [0, 0, 0],
			"color": 0,
			"children": [0, 1]
		}
	]
}