{
	"credit": "Made with Blockbench",
	"texture_size": [32, 32],
	"textures": {
		"0": "block/MagicBookFire",
		"particle": "block/MagicBookFire"
	},
	"elements": [
		{
			"from": [6.5, 0, 2.875],
			"to": [9.5, 1, 13.125],
			"faces": {
				"north": {"uv": [4.5, 11.5, 6, 12], "texture": "#0"},
				"east": {"uv": [9.5, 10, 14.625, 10.5], "texture": "#0"},
				"south": {"uv": [9.5, 11.5, 11, 12], "texture": "#0"},
				"west": {"uv": [9.5, 10.5, 14.625, 11], "texture": "#0"},
				"up": {"uv": [11, 9.625, 9.5, 4.5], "texture": "#0"},
				"down": {"uv": [1.5, 10, 0, 15.125], "texture": "#0"}
			}
		},
		{
			"from": [1.5, 0.75, 3.5],
			"to": [7.75, 1.75, 12.5],
			"rotation": {"angle": -22.5, "axis": "z", "origin": [7.125, 0.875, 8]},
			"faces": {
				"north": {"uv": [11, 5, 14.125, 5.5], "texture": "#0"},
				"east": {"uv": [1.5, 10, 6, 10.5], "texture": "#0"},
				"south": {"uv": [11, 5.5, 14.125, 6], "texture": "#0"},
				"west": {"uv": [1.5, 10.5, 6, 11], "texture": "#0"},
				"up": {"uv": [9.125, 4.5, 6, 0], "texture": "#0"},
				"down": {"uv": [9.125, 4.5, 6, 9], "texture": "#0"}
			}
		},
		{
			"from": [0.75, 0.25, 3],
			"to": [6.75, 0.75, 13],
			"rotation": {"angle": -22.5, "axis": "z", "origin": [7.125, 0.875, 8]},
			"faces": {
				"north": {"uv": [11, 9, 14, 9.25], "texture": "#0"},
				"east": {"uv": [11, 7, 16, 7.25], "texture": "#0"},
				"south": {"uv": [9.5, 11, 12.5, 11.25], "texture": "#0"},
				"west": {"uv": [11, 7.5, 16, 7.75], "texture": "#0"},
				"up": {"uv": [3, 5, 0, 0], "texture": "#0"},
				"down": {"uv": [6, 0, 3, 5], "texture": "#0"}
			}
		},
		{
			"from": [8.25, 0.75, 3.5],
			"to": [14.5, 1.75, 12.5],
			"rotation": {"angle": 22.5, "axis": "z", "origin": [8.875, 0.875, 8]},
			"faces": {
				"north": {"uv": [11, 6, 14.125, 6.5], "texture": "#0"},
				"east": {"uv": [1.5, 11, 6, 11.5], "texture": "#0"},
				"south": {"uv": [11, 6.5, 14.125, 7], "texture": "#0"},
				"west": {"uv": [11, 4.5, 15.5, 5], "texture": "#0"},
				"up": {"uv": [9.125, 13.5, 6, 9], "texture": "#0"},
				"down": {"uv": [12.625, 0, 9.5, 4.5], "texture": "#0"}
			}
		},
		{
			"from": [9.25, 0.25, 3],
			"to": [15.25, 0.75, 13],
			"rotation": {"angle": 22.5, "axis": "z", "origin": [8.875, 0.875, 8]},
			"faces": {
				"north": {"uv": [11, 9.5, 14, 9.75], "texture": "#0"},
				"east": {"uv": [11, 8, 16, 8.25], "texture": "#0"},
				"south": {"uv": [1.5, 11.5, 4.5, 11.75], "texture": "#0"},
				"west": {"uv": [11, 8.5, 16, 8.75], "texture": "#0"},
				"up": {"uv": [3, 10, 0, 5], "texture": "#0"},
				"down": {"uv": [6, 5, 3, 10], "texture": "#0"}
			}
		}
	],
	"display": {
		"thirdperson_righthand": {
			"rotation": [90, 0, 0],
			"translation": [0, 3.5, 8.25]
		},
		"thirdperson_lefthand": {
			"rotation": [90, 0, 0],
			"translation": [0, 3.5, 8.25]
		},
		"firstperson_righthand": {
			"rotation": [90, 0, 0],
			"translation": [0, 3.5, 8.25]
		},
		"firstperson_lefthand": {
			"rotation": [90, 0, 0],
			"translation": [0, 3.5, 8.25]
		},
		"gui": {
			"rotation": [-135, 0, 180],
			"translation": [0, 4.75, 0],
			"scale": [1.2, 1.2, 1.2]
		},
		"fixed": {
			"rotation": [90, 0, -180],
			"translation": [0, 0, -14.25],
			"scale": [2, 2, 2]
		}
	},
	"groups": [
		{
			"name": "group",
			"origin": [0, 0, 0],
			"color": 0,
			"children": [0]
		},
		{
			"name": "group",
			"origin": [0, 0, 0],
			"color": 0,
			"children": [1, 2]
		},
		{
			"name": "group",
			"origin": [0, 0, 0],
			"color": 0,
			"children": [3, 4]
		}
	]
}