{
	"credit": "Made with Blockbench",
	"texture_size": [64, 64],
	"textures": {
		"0": "block/MapleLeafPike",
		"particle": "block/MapleLeafPike"
	},
	"elements": [
		{
			"from": [7, 20, 7],
			"to": [9, 23, 9],
			"faces": {
				"north": {"uv": [2, 0, 2.5, 0.75], "texture": "#0"},
				"east": {"uv": [2, 0.75, 2.5, 1.5], "texture": "#0"},
				"south": {"uv": [2, 1.5, 2.5, 2.25], "texture": "#0"},
				"west": {"uv": [2, 2.25, 2.5, 3], "texture": "#0"},
				"up": {"uv": [3.75, 1.25, 3.25, 0.75], "texture": "#0"},
				"down": {"uv": [3.75, 1.25, 3.25, 1.75], "texture": "#0"}
			}
		},
		{
			"from": [7, -14, 7],
			"to": [9, -13, 9],
			"faces": {
				"north": {"uv": [4.5, 3.75, 5, 4], "texture": "#0"},
				"east": {"uv": [4, 4.5, 4.5, 4.75], "texture": "#0"},
				"south": {"uv": [4.5, 4, 5, 4.25], "texture": "#0"},
				"west": {"uv": [4.5, 4.25, 5, 4.5], "texture": "#0"},
				"up": {"uv": [3.75, 2.25, 3.25, 1.75], "texture": "#0"},
				"down": {"uv": [3.75, 2.25, 3.25, 2.75], "texture": "#0"}
			}
		},
		{
			"from": [7.25, 18, 7.25],
			"to": [8.75, 21, 8.75],
			"faces": {
				"north": {"uv": [1, 3, 1.375, 3.75], "texture": "#0"},
				"east": {"uv": [1.5, 3, 1.875, 3.75], "texture": "#0"},
				"south": {"uv": [2, 3, 2.375, 3.75], "texture": "#0"},
				"west": {"uv": [2.5, 3, 2.875, 3.75], "texture": "#0"},
				"up": {"uv": [1.375, 4.875, 1, 4.5], "texture": "#0"},
				"down": {"uv": [1.875, 4.5, 1.5, 4.875], "texture": "#0"}
			}
		},
		{
			"from": [7.25, -15.5, 7.25],
			"to": [8.75, -14, 8.75],
			"faces": {
				"north": {"uv": [2, 4.5, 2.375, 4.875], "texture": "#0"},
				"east": {"uv": [4.5, 2.25, 4.875, 2.625], "texture": "#0"},
				"south": {"uv": [2.5, 4.5, 2.875, 4.875], "texture": "#0"},
				"west": {"uv": [4.5, 2.75, 4.875, 3.125], "texture": "#0"},
				"up": {"uv": [3.375, 4.875, 3, 4.5], "texture": "#0"},
				"down": {"uv": [4.875, 3.25, 4.5, 3.625], "texture": "#0"}
			}
		},
		{
			"from": [7.25, 22, 7.5],
			"to": [8.75, 24.5, 8.5],
			"faces": {
				"north": {"uv": [3.5, 2.75, 3.875, 3.375], "texture": "#0"},
				"east": {"uv": [3.5, 4.25, 3.75, 4.875], "texture": "#0"},
				"south": {"uv": [3.5, 3.5, 3.875, 4.125], "texture": "#0"},
				"west": {"uv": [3.75, 4.25, 4, 4.875], "texture": "#0"},
				"up": {"uv": [4.875, 4.75, 4.5, 4.5], "texture": "#0"},
				"down": {"uv": [5.125, 0, 4.75, 0.25], "texture": "#0"}
			}
		},
		{
			"from": [7.5, -13, 7.5],
			"to": [8.5, 21, 8.5],
			"faces": {
				"north": {"uv": [0, 0, 0.25, 8.5], "texture": "#0"},
				"east": {"uv": [0.25, 0, 0.5, 8.5], "texture": "#0"},
				"south": {"uv": [0.5, 0, 0.75, 8.5], "texture": "#0"},
				"west": {"uv": [0.75, 0, 1, 8.5], "texture": "#0"},
				"up": {"uv": [3.5, 3, 3.25, 2.75], "texture": "#0"},
				"down": {"uv": [4, 2.25, 3.75, 2.5], "texture": "#0"}
			}
		},
		{
			"from": [7.875, 23, 7.25],
			"to": [8.125, 26, 8.75],
			"faces": {
				"north": {"uv": [5, 2.25, 5.0625, 3], "texture": "#0"},
				"east": {"uv": [3, 3, 3.375, 3.75], "texture": "#0"},
				"south": {"uv": [2.5, 5, 2.5625, 5.75], "texture": "#0"},
				"west": {"uv": [3.25, 0, 3.625, 0.75], "texture": "#0"},
				"up": {"uv": [5.5625, 1.875, 5.5, 1.5], "texture": "#0"},
				"down": {"uv": [1.8125, 5.5, 1.75, 5.875], "texture": "#0"}
			}
		},
		{
			"from": [7.875, 26, 7.375],
			"to": [8.125, 29, 8.625],
			"faces": {
				"north": {"uv": [2.75, 5, 2.8125, 5.75], "texture": "#0"},
				"east": {"uv": [3.75, 0, 4.0625, 0.75], "texture": "#0"},
				"south": {"uv": [3, 5, 3.0625, 5.75], "texture": "#0"},
				"west": {"uv": [3.75, 0.75, 4.0625, 1.5], "texture": "#0"},
				"up": {"uv": [2.5625, 6.0625, 2.5, 5.75], "texture": "#0"},
				"down": {"uv": [5.8125, 2.5, 5.75, 2.8125], "texture": "#0"}
			}
		},
		{
			"from": [7.875, 23.5, 6],
			"to": [8.125, 25.75, 7.25],
			"faces": {
				"north": {"uv": [3.25, 5, 3.3125, 5.5625], "texture": "#0"},
				"east": {"uv": [4, 3.75, 4.3125, 4.3125], "texture": "#0"},
				"south": {"uv": [5, 3.25, 5.0625, 3.8125], "texture": "#0"},
				"west": {"uv": [4.25, 0, 4.5625, 0.5625], "texture": "#0"},
				"up": {"uv": [2.8125, 6.0625, 2.75, 5.75], "texture": "#0"},
				"down": {"uv": [3.0625, 5.75, 3, 6.0625], "texture": "#0"}
			}
		},
		{
			"from": [7.875, 19.5, 5],
			"to": [8.125, 21.75, 7.25],
			"faces": {
				"north": {"uv": [3.5, 5, 3.5625, 5.5625], "texture": "#0"},
				"east": {"uv": [2.5, 0, 3.0625, 0.5625], "texture": "#0"},
				"south": {"uv": [3.75, 5, 3.8125, 5.5625], "texture": "#0"},
				"west": {"uv": [2.5, 0.75, 3.0625, 1.3125], "texture": "#0"},
				"up": {"uv": [5.0625, 4.5625, 5, 4], "texture": "#0"},
				"down": {"uv": [5.0625, 4.75, 5, 5.3125], "texture": "#0"}
			}
		},
		{
			"from": [7.875, 23, 6.5],
			"to": [8.125, 23.5, 7.25],
			"faces": {
				"north": {"uv": [6.25, 4, 6.3125, 4.125], "texture": "#0"},
				"east": {"uv": [2, 5.5, 2.1875, 5.625], "texture": "#0"},
				"south": {"uv": [4.25, 6.25, 4.3125, 6.375], "texture": "#0"},
				"west": {"uv": [5.5, 2, 5.6875, 2.125], "texture": "#0"},
				"up": {"uv": [1.0625, 6.4375, 1, 6.25], "texture": "#0"},
				"down": {"uv": [6.3125, 1, 6.25, 1.1875], "texture": "#0"}
			}
		},
		{
			"from": [7.875, 23.5, 8.75],
			"to": [8.125, 25.75, 10],
			"faces": {
				"north": {"uv": [5.25, 0, 5.3125, 0.5625], "texture": "#0"},
				"east": {"uv": [4.25, 0.75, 4.5625, 1.3125], "texture": "#0"},
				"south": {"uv": [5.25, 0.75, 5.3125, 1.3125], "texture": "#0"},
				"west": {"uv": [4.25, 1.5, 4.5625, 2.0625], "texture": "#0"},
				"up": {"uv": [5.8125, 3.3125, 5.75, 3], "texture": "#0"},
				"down": {"uv": [3.3125, 5.75, 3.25, 6.0625], "texture": "#0"}
			}
		},
		{
			"from": [7.875, 19.5, 8.75],
			"to": [8.125, 21.75, 11],
			"faces": {
				"north": {"uv": [5.25, 1.5, 5.3125, 2.0625], "texture": "#0"},
				"east": {"uv": [2.5, 1.5, 3.0625, 2.0625], "texture": "#0"},
				"south": {"uv": [5.25, 2.25, 5.3125, 2.8125], "texture": "#0"},
				"west": {"uv": [2.5, 2.25, 3.0625, 2.8125], "texture": "#0"},
				"up": {"uv": [5.3125, 3.5625, 5.25, 3], "texture": "#0"},
				"down": {"uv": [5.3125, 3.75, 5.25, 4.3125], "texture": "#0"}
			}
		},
		{
			"from": [7.875, 23, 8.75],
			"to": [8.125, 23.5, 9.5],
			"faces": {
				"north": {"uv": [6.25, 4.25, 6.3125, 4.375], "texture": "#0"},
				"east": {"uv": [2.25, 5.5, 2.4375, 5.625], "texture": "#0"},
				"south": {"uv": [4.5, 6.25, 4.5625, 6.375], "texture": "#0"},
				"west": {"uv": [5.5, 2.25, 5.6875, 2.375], "texture": "#0"},
				"up": {"uv": [1.3125, 6.4375, 1.25, 6.25], "texture": "#0"},
				"down": {"uv": [6.3125, 1.25, 6.25, 1.4375], "texture": "#0"}
			}
		},
		{
			"from": [7.875, 25.75, 9.5],
			"to": [8.125, 27, 10.25],
			"faces": {
				"north": {"uv": [3.5, 5.75, 3.5625, 6.0625], "texture": "#0"},
				"east": {"uv": [4.75, 1.75, 4.9375, 2.0625], "texture": "#0"},
				"south": {"uv": [5.75, 3.5, 5.8125, 3.8125], "texture": "#0"},
				"west": {"uv": [4.75, 4.75, 4.9375, 5.0625], "texture": "#0"},
				"up": {"uv": [1.5625, 6.4375, 1.5, 6.25], "texture": "#0"},
				"down": {"uv": [6.3125, 1.5, 6.25, 1.6875], "texture": "#0"}
			}
		},
		{
			"from": [7.875, 25.75, 9],
			"to": [8.125, 26.25, 9.5],
			"faces": {
				"north": {"uv": [6.25, 4.5, 6.3125, 4.625], "texture": "#0"},
				"east": {"uv": [4.75, 6, 4.875, 6.125], "texture": "#0"},
				"south": {"uv": [4.75, 6.25, 4.8125, 6.375], "texture": "#0"},
				"west": {"uv": [5, 6, 5.125, 6.125], "texture": "#0"},
				"up": {"uv": [6.3125, 4.875, 6.25, 4.75], "texture": "#0"},
				"down": {"uv": [5.0625, 6.25, 5, 6.375], "texture": "#0"}
			}
		},
		{
			"from": [7.875, 26.25, 9.25],
			"to": [8.125, 26.75, 9.5],
			"faces": {
				"north": {"uv": [6.25, 5, 6.3125, 5.125], "texture": "#0"},
				"east": {"uv": [5.25, 6.25, 5.3125, 6.375], "texture": "#0"},
				"south": {"uv": [6.25, 5.25, 6.3125, 5.375], "texture": "#0"},
				"west": {"uv": [5.5, 6.25, 5.5625, 6.375], "texture": "#0"},
				"up": {"uv": [3.3125, 6.5625, 3.25, 6.5], "texture": "#0"},
				"down": {"uv": [6.5625, 3.25, 6.5, 3.3125], "texture": "#0"}
			}
		},
		{
			"from": [7.875, 26.25, 6.5],
			"to": [8.125, 26.75, 6.75],
			"faces": {
				"north": {"uv": [6.25, 5.5, 6.3125, 5.625], "texture": "#0"},
				"east": {"uv": [5.75, 6.25, 5.8125, 6.375], "texture": "#0"},
				"south": {"uv": [6.25, 5.75, 6.3125, 5.875], "texture": "#0"},
				"west": {"uv": [6, 6.25, 6.0625, 6.375], "texture": "#0"},
				"up": {"uv": [3.5625, 6.5625, 3.5, 6.5], "texture": "#0"},
				"down": {"uv": [6.5625, 3.5, 6.5, 3.5625], "texture": "#0"}
			}
		},
		{
			"from": [7.875, 26.25, 5.5],
			"to": [8.125, 27.5, 5.75],
			"faces": {
				"north": {"uv": [3.75, 5.75, 3.8125, 6.0625], "texture": "#0"},
				"east": {"uv": [5.75, 4, 5.8125, 4.3125], "texture": "#0"},
				"south": {"uv": [5.75, 4.5, 5.8125, 4.8125], "texture": "#0"},
				"west": {"uv": [5.75, 5, 5.8125, 5.3125], "texture": "#0"},
				"up": {"uv": [3.8125, 6.5625, 3.75, 6.5], "texture": "#0"},
				"down": {"uv": [6.5625, 3.75, 6.5, 3.8125], "texture": "#0"}
			}
		},
		{
			"from": [7.875, 26.25, 10.25],
			"to": [8.125, 27.5, 10.5],
			"faces": {
				"north": {"uv": [5.75, 5.5, 5.8125, 5.8125], "texture": "#0"},
				"east": {"uv": [6, 0, 6.0625, 0.3125], "texture": "#0"},
				"south": {"uv": [6, 0.5, 6.0625, 0.8125], "texture": "#0"},
				"west": {"uv": [6, 1, 6.0625, 1.3125], "texture": "#0"},
				"up": {"uv": [4.0625, 6.5625, 4, 6.5], "texture": "#0"},
				"down": {"uv": [6.5625, 4, 6.5, 4.0625], "texture": "#0"}
			}
		},
		{
			"from": [7.875, 26.75, 5.25],
			"to": [8.125, 27.75, 5.5],
			"faces": {
				"north": {"uv": [6, 5, 6.0625, 5.25], "texture": "#0"},
				"east": {"uv": [5.25, 6, 5.3125, 6.25], "texture": "#0"},
				"south": {"uv": [6, 5.25, 6.0625, 5.5], "texture": "#0"},
				"west": {"uv": [5.5, 6, 5.5625, 6.25], "texture": "#0"},
				"up": {"uv": [4.3125, 6.5625, 4.25, 6.5], "texture": "#0"},
				"down": {"uv": [6.5625, 4.25, 6.5, 4.3125], "texture": "#0"}
			}
		},
		{
			"from": [7.875, 26.75, 10.5],
			"to": [8.125, 27.75, 10.75],
			"faces": {
				"north": {"uv": [6, 5.5, 6.0625, 5.75], "texture": "#0"},
				"east": {"uv": [5.75, 6, 5.8125, 6.25], "texture": "#0"},
				"south": {"uv": [6, 5.75, 6.0625, 6], "texture": "#0"},
				"west": {"uv": [6, 6, 6.0625, 6.25], "texture": "#0"},
				"up": {"uv": [4.5625, 6.5625, 4.5, 6.5], "texture": "#0"},
				"down": {"uv": [6.5625, 4.5, 6.5, 4.5625], "texture": "#0"}
			}
		},
		{
			"from": [7.875, 25.75, 6.5],
			"to": [8.125, 26.25, 7],
			"faces": {
				"north": {"uv": [6.25, 6, 6.3125, 6.125], "texture": "#0"},
				"east": {"uv": [6.25, 0, 6.375, 0.125], "texture": "#0"},
				"south": {"uv": [6.25, 6.25, 6.3125, 6.375], "texture": "#0"},
				"west": {"uv": [6.25, 0.25, 6.375, 0.375], "texture": "#0"},
				"up": {"uv": [6.5625, 0.125, 6.5, 0], "texture": "#0"},
				"down": {"uv": [6.5625, 0.25, 6.5, 0.375], "texture": "#0"}
			}
		},
		{
			"from": [7.875, 23.75, 10],
			"to": [8.125, 25, 10.75],
			"faces": {
				"north": {"uv": [6, 1.5, 6.0625, 1.8125], "texture": "#0"},
				"east": {"uv": [5, 0.25, 5.1875, 0.5625], "texture": "#0"},
				"south": {"uv": [1.75, 6, 1.8125, 6.3125], "texture": "#0"},
				"west": {"uv": [5, 0.75, 5.1875, 1.0625], "texture": "#0"},
				"up": {"uv": [6.3125, 1.9375, 6.25, 1.75], "texture": "#0"},
				"down": {"uv": [6.3125, 2, 6.25, 2.1875], "texture": "#0"}
			}
		},
		{
			"from": [7.875, 23.75, 5.25],
			"to": [8.125, 25, 6],
			"faces": {
				"north": {"uv": [2, 6, 2.0625, 6.3125], "texture": "#0"},
				"east": {"uv": [1, 5, 1.1875, 5.3125], "texture": "#0"},
				"south": {"uv": [6, 2, 6.0625, 2.3125], "texture": "#0"},
				"west": {"uv": [1.25, 5, 1.4375, 5.3125], "texture": "#0"},
				"up": {"uv": [6.3125, 2.4375, 6.25, 2.25], "texture": "#0"},
				"down": {"uv": [2.5625, 6.25, 2.5, 6.4375], "texture": "#0"}
			}
		},
		{
			"from": [7.875, 24, 4.5],
			"to": [8.125, 25.25, 5.25],
			"faces": {
				"north": {"uv": [2.25, 6, 2.3125, 6.3125], "texture": "#0"},
				"east": {"uv": [5, 1.25, 5.1875, 1.5625], "texture": "#0"},
				"south": {"uv": [6, 2.5, 6.0625, 2.8125], "texture": "#0"},
				"west": {"uv": [1.5, 5, 1.6875, 5.3125], "texture": "#0"},
				"up": {"uv": [6.3125, 2.6875, 6.25, 2.5], "texture": "#0"},
				"down": {"uv": [2.8125, 6.25, 2.75, 6.4375], "texture": "#0"}
			}
		},
		{
			"from": [7.875, 17, 3.5],
			"to": [8.125, 22.25, 5],
			"faces": {
				"north": {"uv": [4.75, 0.25, 4.8125, 1.5625], "texture": "#0"},
				"east": {"uv": [1, 0, 1.375, 1.3125], "texture": "#0"},
				"south": {"uv": [4, 4.75, 4.0625, 6.0625], "texture": "#0"},
				"west": {"uv": [1.5, 0, 1.875, 1.3125], "texture": "#0"},
				"up": {"uv": [5.5625, 2.875, 5.5, 2.5], "texture": "#0"},
				"down": {"uv": [5.5625, 3, 5.5, 3.375], "texture": "#0"}
			}
		},
		{
			"from": [7.875, 14.93131, 3.08851],
			"to": [8.125, 17.18131, 4.58851],
			"rotation": {"angle": 22.5, "axis": "x", "origin": [8, 16.05631, 4.33851]},
			"faces": {
				"north": {"uv": [5.25, 4.5, 5.3125, 5.0625], "texture": "#0"},
				"east": {"uv": [1, 3.75, 1.375, 4.3125], "texture": "#0"},
				"south": {"uv": [4.75, 5.25, 4.8125, 5.8125], "texture": "#0"},
				"west": {"uv": [1.5, 3.75, 1.875, 4.3125], "texture": "#0"},
				"up": {"uv": [5.5625, 3.875, 5.5, 3.5], "texture": "#0"},
				"down": {"uv": [5.5625, 4, 5.5, 4.375], "texture": "#0"}
			}
		},
		{
			"from": [7.875, 21.74372, 2.77773],
			"to": [8.125, 23.99372, 4.27773],
			"rotation": {"angle": -45, "axis": "x", "origin": [8, 22.86872, 4.02773]},
			"faces": {
				"north": {"uv": [5.25, 5.25, 5.3125, 5.8125], "texture": "#0"},
				"east": {"uv": [3.75, 1.5, 4.125, 2.0625], "texture": "#0"},
				"south": {"uv": [5.5, 0, 5.5625, 0.5625], "texture": "#0"},
				"west": {"uv": [2, 3.75, 2.375, 4.3125], "texture": "#0"},
				"up": {"uv": [5.5625, 4.875, 5.5, 4.5], "texture": "#0"},
				"down": {"uv": [5.0625, 5.5, 5, 5.875], "texture": "#0"}
			}
		},
		{
			"from": [7.875, 17, 11],
			"to": [8.125, 22.25, 12.5],
			"faces": {
				"north": {"uv": [4.25, 4.75, 4.3125, 6.0625], "texture": "#0"},
				"east": {"uv": [1, 1.5, 1.375, 2.8125], "texture": "#0"},
				"south": {"uv": [4.5, 4.75, 4.5625, 6.0625], "texture": "#0"},
				"west": {"uv": [1.5, 1.5, 1.875, 2.8125], "texture": "#0"},
				"up": {"uv": [5.5625, 5.375, 5.5, 5], "texture": "#0"},
				"down": {"uv": [5.5625, 5.5, 5.5, 5.875], "texture": "#0"}
			}
		},
		{
			"from": [7.875, 24, 10.75],
			"to": [8.125, 25.25, 11.5],
			"faces": {
				"north": {"uv": [6, 3, 6.0625, 3.3125], "texture": "#0"},
				"east": {"uv": [1.75, 5, 1.9375, 5.3125], "texture": "#0"},
				"south": {"uv": [6, 3.5, 6.0625, 3.8125], "texture": "#0"},
				"west": {"uv": [5, 1.75, 5.1875, 2.0625], "texture": "#0"},
				"up": {"uv": [6.3125, 2.9375, 6.25, 2.75], "texture": "#0"},
				"down": {"uv": [3.0625, 6.25, 3, 6.4375], "texture": "#0"}
			}
		},
		{
			"from": [7.875, 21.89017, 11.36872],
			"to": [8.125, 24.14017, 12.86872],
			"rotation": {"angle": 45, "axis": "x", "origin": [8, 22.51517, 11.61872]},
			"faces": {
				"north": {"uv": [5.5, 0.75, 5.5625, 1.3125], "texture": "#0"},
				"east": {"uv": [2.5, 3.75, 2.875, 4.3125], "texture": "#0"},
				"south": {"uv": [1, 5.5, 1.0625, 6.0625], "texture": "#0"},
				"west": {"uv": [3, 3.75, 3.375, 4.3125], "texture": "#0"},
				"up": {"uv": [5.8125, 0.375, 5.75, 0], "texture": "#0"},
				"down": {"uv": [5.8125, 0.5, 5.75, 0.875], "texture": "#0"}
			}
		},
		{
			"from": [7.875, 14.96937, 11.60283],
			"to": [8.125, 17.21937, 13.10283],
			"rotation": {"angle": -22.5, "axis": "x", "origin": [8, 15.59437, 11.85283]},
			"faces": {
				"north": {"uv": [1.25, 5.5, 1.3125, 6.0625], "texture": "#0"},
				"east": {"uv": [4, 2.25, 4.375, 2.8125], "texture": "#0"},
				"south": {"uv": [1.5, 5.5, 1.5625, 6.0625], "texture": "#0"},
				"west": {"uv": [4, 3, 4.375, 3.5625], "texture": "#0"},
				"up": {"uv": [5.8125, 1.375, 5.75, 1], "texture": "#0"},
				"down": {"uv": [5.8125, 1.5, 5.75, 1.875], "texture": "#0"}
			}
		},
		{
			"from": [7.875, 24.75, 11.5],
			"to": [8.125, 25.25, 12.25],
			"faces": {
				"north": {"uv": [6.5, 0.5, 6.5625, 0.625], "texture": "#0"},
				"east": {"uv": [2, 5.75, 2.1875, 5.875], "texture": "#0"},
				"south": {"uv": [6.5, 0.75, 6.5625, 0.875], "texture": "#0"},
				"west": {"uv": [5.75, 2, 5.9375, 2.125], "texture": "#0"},
				"up": {"uv": [6.3125, 3.1875, 6.25, 3], "texture": "#0"},
				"down": {"uv": [3.3125, 6.25, 3.25, 6.4375], "texture": "#0"}
			}
		},
		{
			"from": [7.875, 24.5, 11.5],
			"to": [8.125, 24.75, 12],
			"faces": {
				"north": {"uv": [4.75, 6.5, 4.8125, 6.5625], "texture": "#0"},
				"east": {"uv": [1, 6.5, 1.125, 6.5625], "texture": "#0"},
				"south": {"uv": [6.5, 4.75, 6.5625, 4.8125], "texture": "#0"},
				"west": {"uv": [6.5, 1, 6.625, 1.0625], "texture": "#0"},
				"up": {"uv": [1.3125, 6.625, 1.25, 6.5], "texture": "#0"},
				"down": {"uv": [6.5625, 1.25, 6.5, 1.375], "texture": "#0"}
			}
		},
		{
			"from": [7.875, 24.5, 4],
			"to": [8.125, 24.75, 4.5],
			"rotation": {"angle": 0, "axis": "y", "origin": [0, 0, 0.5]},
			"faces": {
				"north": {"uv": [5, 6.5, 5.0625, 6.5625], "texture": "#0"},
				"east": {"uv": [1.5, 6.5, 1.625, 6.5625], "texture": "#0"},
				"south": {"uv": [6.5, 5, 6.5625, 5.0625], "texture": "#0"},
				"west": {"uv": [6.5, 1.5, 6.625, 1.5625], "texture": "#0"},
				"up": {"uv": [1.8125, 6.625, 1.75, 6.5], "texture": "#0"},
				"down": {"uv": [6.5625, 1.75, 6.5, 1.875], "texture": "#0"}
			}
		},
		{
			"from": [7.875, 24.25, 11.5],
			"to": [8.125, 24.5, 11.75],
			"faces": {
				"north": {"uv": [5.25, 6.5, 5.3125, 6.5625], "texture": "#0"},
				"east": {"uv": [6.5, 5.25, 6.5625, 5.3125], "texture": "#0"},
				"south": {"uv": [5.5, 6.5, 5.5625, 6.5625], "texture": "#0"},
				"west": {"uv": [6.5, 5.5, 6.5625, 5.5625], "texture": "#0"},
				"up": {"uv": [5.8125, 6.5625, 5.75, 6.5], "texture": "#0"},
				"down": {"uv": [6.5625, 5.75, 6.5, 5.8125], "texture": "#0"}
			}
		},
		{
			"from": [7.875, 24.25, 4.25],
			"to": [8.125, 24.5, 4.5],
			"rotation": {"angle": 0, "axis": "y", "origin": [0, 0, 0.75]},
			"faces": {
				"north": {"uv": [6, 6.5, 6.0625, 6.5625], "texture": "#0"},
				"east": {"uv": [6.5, 6, 6.5625, 6.0625], "texture": "#0"},
				"south": {"uv": [6.25, 6.5, 6.3125, 6.5625], "texture": "#0"},
				"west": {"uv": [6.5, 6.25, 6.5625, 6.3125], "texture": "#0"},
				"up": {"uv": [6.5625, 6.5625, 6.5, 6.5], "texture": "#0"},
				"down": {"uv": [6.8125, 0, 6.75, 0.0625], "texture": "#0"}
			}
		},
		{
			"from": [7.875, 24.75, 3.75],
			"to": [8.125, 25.25, 4.5],
			"faces": {
				"north": {"uv": [2, 6.5, 2.0625, 6.625], "texture": "#0"},
				"east": {"uv": [2.25, 5.75, 2.4375, 5.875], "texture": "#0"},
				"south": {"uv": [6.5, 2, 6.5625, 2.125], "texture": "#0"},
				"west": {"uv": [5.75, 2.25, 5.9375, 2.375], "texture": "#0"},
				"up": {"uv": [6.3125, 3.4375, 6.25, 3.25], "texture": "#0"},
				"down": {"uv": [3.5625, 6.25, 3.5, 6.4375], "texture": "#0"}
			}
		},
		{
			"from": [7.875, 25.75, 5.75],
			"to": [8.125, 27, 6.5],
			"faces": {
				"north": {"uv": [6, 4, 6.0625, 4.3125], "texture": "#0"},
				"east": {"uv": [2, 5, 2.1875, 5.3125], "texture": "#0"},
				"south": {"uv": [6, 4.5, 6.0625, 4.8125], "texture": "#0"},
				"west": {"uv": [2.25, 5, 2.4375, 5.3125], "texture": "#0"},
				"up": {"uv": [6.3125, 3.6875, 6.25, 3.5], "texture": "#0"},
				"down": {"uv": [3.8125, 6.25, 3.75, 6.4375], "texture": "#0"}
			}
		},
		{
			"from": [7.875, 27, 5.75],
			"to": [8.125, 27.25, 6.25],
			"faces": {
				"north": {"uv": [6.75, 0.25, 6.8125, 0.3125], "texture": "#0"},
				"east": {"uv": [2.25, 6.5, 2.375, 6.5625], "texture": "#0"},
				"south": {"uv": [6.75, 0.5, 6.8125, 0.5625], "texture": "#0"},
				"west": {"uv": [6.5, 2.25, 6.625, 2.3125], "texture": "#0"},
				"up": {"uv": [2.5625, 6.625, 2.5, 6.5], "texture": "#0"},
				"down": {"uv": [6.5625, 2.5, 6.5, 2.625], "texture": "#0"}
			}
		},
		{
			"from": [7.875, 27, 9.75],
			"to": [8.125, 27.25, 10.25],
			"rotation": {"angle": 0, "axis": "y", "origin": [0, 0, 1]},
			"faces": {
				"north": {"uv": [6.75, 0.75, 6.8125, 0.8125], "texture": "#0"},
				"east": {"uv": [2.75, 6.5, 2.875, 6.5625], "texture": "#0"},
				"south": {"uv": [1, 6.75, 1.0625, 6.8125], "texture": "#0"},
				"west": {"uv": [6.5, 2.75, 6.625, 2.8125], "texture": "#0"},
				"up": {"uv": [3.0625, 6.625, 3, 6.5], "texture": "#0"},
				"down": {"uv": [6.5625, 3, 6.5, 3.125], "texture": "#0"}
			}
		},
		{
			"from": [7.875, 29, 7.625],
			"to": [8.125, 30, 8.375],
			"faces": {
				"north": {"uv": [6.25, 0.5, 6.3125, 0.75], "texture": "#0"},
				"east": {"uv": [3.75, 2.5, 3.9375, 2.75], "texture": "#0"},
				"south": {"uv": [6.25, 0.75, 6.3125, 1], "texture": "#0"},
				"west": {"uv": [5, 3, 5.1875, 3.25], "texture": "#0"},
				"up": {"uv": [6.3125, 3.9375, 6.25, 3.75], "texture": "#0"},
				"down": {"uv": [4.0625, 6.25, 4, 6.4375], "texture": "#0"}
			}
		},
		{
			"from": [7.875, 30, 7.875],
			"to": [8.125, 30.25, 8.125],
			"faces": {
				"north": {"uv": [6.75, 1, 6.8125, 1.0625], "texture": "#0"},
				"east": {"uv": [1.25, 6.75, 1.3125, 6.8125], "texture": "#0"},
				"south": {"uv": [6.75, 1.25, 6.8125, 1.3125], "texture": "#0"},
				"west": {"uv": [1.5, 6.75, 1.5625, 6.8125], "texture": "#0"},
				"up": {"uv": [6.8125, 1.5625, 6.75, 1.5], "texture": "#0"},
				"down": {"uv": [1.8125, 6.75, 1.75, 6.8125], "texture": "#0"}
			}
		}
	],
	"display": {
		"thirdperson_righthand": {
			"translation": [0, 8.5, 0]
		},
		"thirdperson_lefthand": {
			"translation": [0, 8.5, 0]
		},
		"firstperson_righthand": {
			"translation": [0, 8.5, 0]
		},
		"firstperson_lefthand": {
			"translation": [0, 8.5, 0]
		},
		"ground": {
			"scale": [0.5, 0.5, 0.5]
		},
		"gui": {
			"rotation": [-90, 45, 90],
			"scale": [0.5, 0.5, 0.5]
		},
		"fixed": {
			"rotation": [90, 45, -90],
			"scale": [0.5, 0.5, 0.5]
		}
	},
	"groups": [
		{
			"name": "group",
			"origin": [8, 8, 8],
			"color": 0,
			"children": [
				{
					"name": "group",
					"origin": [0, 0, 0],
					"color": 0,
					"children": [0, 1, 2, 3, 4, 5]
				},
				{
					"name": "group",
					"origin": [0, 0, 0],
					"color": 0,
					"children": [6, 7, 8, 9, 10, 11, 12, 13, 14, 15, 16, 17, 18, 19, 20, 21, 22, 23, 24, 25, 26, 27, 28, 29, 30, 31, 32, 33, 34, 35, 36, 37, 38, 39, 40, 41, 42, 43]
				}
			]
		}
	]
}