{
	"credit": "Made with Blockbench",
	"texture_size": [32, 32],
	"textures": {
		"0": "block/NightBlade",
		"particle": "block/NightBlade"
	},
	"elements": [
		{
			"from": [7.875, 10, 8.75],
			"to": [8.125, 10.25, 9],
			"faces": {
				"north": {"uv": [9.5, 0.5, 9.625, 0.625], "texture": "#0"},
				"east": {"uv": [1, 9.5, 1.125, 9.625], "texture": "#0"},
				"south": {"uv": [9.5, 1, 9.625, 1.125], "texture": "#0"},
				"west": {"uv": [1.5, 9.5, 1.625, 9.625], "texture": "#0"},
				"up": {"uv": [9.625, 1.625, 9.5, 1.5], "texture": "#0"},
				"down": {"uv": [2.125, 9.5, 2, 9.625], "texture": "#0"}
			}
		},
		{
			"from": [7.875, 16, 7.25],
			"to": [8.125, 16.5, 7.5],
			"faces": {
				"north": {"uv": [6.5, 9, 6.625, 9.25], "texture": "#0"},
				"east": {"uv": [9, 6.5, 9.125, 6.75], "texture": "#0"},
				"south": {"uv": [7, 9, 7.125, 9.25], "texture": "#0"},
				"west": {"uv": [9, 7, 9.125, 7.25], "texture": "#0"},
				"up": {"uv": [9.625, 2.125, 9.5, 2], "texture": "#0"},
				"down": {"uv": [2.625, 9.5, 2.5, 9.625], "texture": "#0"}
			}
		},
		{
			"from": [7.875, 11, 9],
			"to": [8.125, 12.25, 9.5],
			"faces": {
				"north": {"uv": [0.5, 8.5, 0.625, 9.125], "texture": "#0"},
				"east": {"uv": [8, 4.5, 8.25, 5.125], "texture": "#0"},
				"south": {"uv": [8.5, 1, 8.625, 1.625], "texture": "#0"},
				"west": {"uv": [8, 5.5, 8.25, 6.125], "texture": "#0"},
				"up": {"uv": [7.625, 9.25, 7.5, 9], "texture": "#0"},
				"down": {"uv": [9.125, 7.5, 9, 7.75], "texture": "#0"}
			}
		},
		{
			"from": [7.875, 16, 7.75],
			"to": [8.125, 17.25, 8.5],
			"faces": {
				"north": {"uv": [1.5, 8.5, 1.625, 9.125], "texture": "#0"},
				"east": {"uv": [2, 8, 2.375, 8.625], "texture": "#0"},
				"south": {"uv": [8.5, 2, 8.625, 2.625], "texture": "#0"},
				"west": {"uv": [8, 2, 8.375, 2.625], "texture": "#0"},
				"up": {"uv": [9.125, 1.875, 9, 1.5], "texture": "#0"},
				"down": {"uv": [2.125, 9, 2, 9.375], "texture": "#0"}
			}
		},
		{
			"from": [7.875, 4, 8],
			"to": [8.125, 10, 9],
			"faces": {
				"north": {"uv": [7.5, 3.5, 7.625, 6.5], "texture": "#0"},
				"east": {"uv": [1, 5, 1.5, 8], "texture": "#0"},
				"south": {"uv": [4, 7.5, 4.125, 10.5], "texture": "#0"},
				"west": {"uv": [1.5, 5, 2, 8], "texture": "#0"},
				"up": {"uv": [7.125, 9, 7, 8.5], "texture": "#0"},
				"down": {"uv": [8.625, 7, 8.5, 7.5], "texture": "#0"}
			}
		},
		{
			"from": [7.875, 4, 9],
			"to": [8.125, 11, 10],
			"faces": {
				"north": {"uv": [7.5, 0, 7.625, 3.5], "texture": "#0"},
				"east": {"uv": [4, 0, 4.5, 3.5], "texture": "#0"},
				"south": {"uv": [3.5, 7.5, 3.625, 11], "texture": "#0"},
				"west": {"uv": [4, 3.5, 4.5, 7], "texture": "#0"},
				"up": {"uv": [7.625, 9, 7.5, 8.5], "texture": "#0"},
				"down": {"uv": [8.625, 7.5, 8.5, 8], "texture": "#0"}
			}
		},
		{
			"from": [7.625, 4, 7.5],
			"to": [8.375, 8, 9.5],
			"faces": {
				"north": {"uv": [5.5, 3.5, 5.875, 5.5], "texture": "#0"},
				"east": {"uv": [2, 3, 3, 5], "texture": "#0"},
				"south": {"uv": [5.5, 5.5, 5.875, 7.5], "texture": "#0"},
				"west": {"uv": [3, 3, 4, 5], "texture": "#0"},
				"up": {"uv": [4.875, 8.5, 4.5, 7.5], "texture": "#0"},
				"down": {"uv": [5.875, 7.5, 5.5, 8.5], "texture": "#0"}
			}
		},
		{
			"from": [7.625, 8, 7.75],
			"to": [8.375, 8.5, 9.25],
			"faces": {
				"north": {"uv": [8, 7, 8.375, 7.25], "texture": "#0"},
				"east": {"uv": [8, 3, 8.75, 3.25], "texture": "#0"},
				"south": {"uv": [8, 7.5, 8.375, 7.75], "texture": "#0"},
				"west": {"uv": [8, 3.5, 8.75, 3.75], "texture": "#0"},
				"up": {"uv": [1.375, 8.75, 1, 8], "texture": "#0"},
				"down": {"uv": [8.375, 1, 8, 1.75], "texture": "#0"}
			}
		},
		{
			"from": [7.625, 8.5, 8],
			"to": [8.375, 8.75, 9],
			"faces": {
				"north": {"uv": [9, 2, 9.375, 2.125], "texture": "#0"},
				"east": {"uv": [8.5, 8, 9, 8.125], "texture": "#0"},
				"south": {"uv": [9, 2.5, 9.375, 2.625], "texture": "#0"},
				"west": {"uv": [8.5, 8.5, 9, 8.625], "texture": "#0"},
				"up": {"uv": [2.875, 8.5, 2.5, 8], "texture": "#0"},
				"down": {"uv": [8.375, 4, 8, 4.5], "texture": "#0"}
			}
		},
		{
			"from": [7.5, -3, 7.25],
			"to": [8.5, 3, 8.75],
			"faces": {
				"north": {"uv": [2, 5, 2.5, 8], "texture": "#0"},
				"east": {"uv": [2, 0, 2.75, 3], "texture": "#0"},
				"south": {"uv": [2.5, 5, 3, 8], "texture": "#0"},
				"west": {"uv": [3, 0, 3.75, 3], "texture": "#0"},
				"up": {"uv": [7.5, 8.25, 7, 7.5], "texture": "#0"},
				"down": {"uv": [8, 7.5, 7.5, 8.25], "texture": "#0"}
			}
		},
		{
			"from": [7, 3, 6],
			"to": [9, 4, 9.5],
			"faces": {
				"north": {"uv": [6.5, 1, 7.5, 1.5], "texture": "#0"},
				"east": {"uv": [5.5, 1.5, 7.25, 2], "texture": "#0"},
				"south": {"uv": [6.5, 4.5, 7.5, 5], "texture": "#0"},
				"west": {"uv": [5.5, 2, 7.25, 2.5], "texture": "#0"},
				"up": {"uv": [5.5, 1.75, 4.5, 0], "texture": "#0"},
				"down": {"uv": [5.5, 2, 4.5, 3.75], "texture": "#0"}
			}
		},
		{
			"from": [7, -3.75, 6.5],
			"to": [9, -2.75, 10],
			"rotation": {"angle": -22.5, "axis": "x", "origin": [8, -3.5, 7.75]},
			"faces": {
				"north": {"uv": [0, 7, 1, 7.5], "texture": "#0"},
				"east": {"uv": [5.5, 2.5, 7.25, 3], "texture": "#0"},
				"south": {"uv": [3.5, 7, 4.5, 7.5], "texture": "#0"},
				"west": {"uv": [5.5, 3, 7.25, 3.5], "texture": "#0"},
				"up": {"uv": [5.5, 5.75, 4.5, 4], "texture": "#0"},
				"down": {"uv": [1, 5, 0, 6.75], "texture": "#0"}
			}
		},
		{
			"from": [7.25, 0.9, 4.8],
			"to": [8.75, 3.9, 5.8],
			"rotation": {"angle": 45, "axis": "x", "origin": [8, 2.5, 5.5]},
			"faces": {
				"north": {"uv": [3, 5, 3.75, 6.5], "texture": "#0"},
				"east": {"uv": [6, 3.5, 6.5, 5], "texture": "#0"},
				"south": {"uv": [5.5, 0, 6.25, 1.5], "texture": "#0"},
				"west": {"uv": [4.5, 6, 5, 7.5], "texture": "#0"},
				"up": {"uv": [8.25, 7, 7.5, 6.5], "texture": "#0"},
				"down": {"uv": [0.75, 8, 0, 8.5], "texture": "#0"}
			}
		},
		{
			"from": [7.5, 0.01005, 4],
			"to": [8.5, 2.01005, 5],
			"rotation": {"angle": 22.5, "axis": "x", "origin": [8, 1.51005, 4.22721]},
			"faces": {
				"north": {"uv": [7, 5, 7.5, 6], "texture": "#0"},
				"east": {"uv": [6, 7, 6.5, 8], "texture": "#0"},
				"south": {"uv": [7, 6, 7.5, 7], "texture": "#0"},
				"west": {"uv": [6.5, 7, 7, 8], "texture": "#0"},
				"up": {"uv": [4, 7, 3.5, 6.5], "texture": "#0"},
				"down": {"uv": [2, 8, 1.5, 8.5], "texture": "#0"}
			}
		},
		{
			"from": [7.25, 3.25, 9.1],
			"to": [8.75, 4.25, 11.1],
			"rotation": {"angle": -22.5, "axis": "x", "origin": [8, 4.05563, 9.88406]},
			"faces": {
				"north": {"uv": [8, 0, 8.75, 0.5], "texture": "#0"},
				"east": {"uv": [7, 7, 8, 7.5], "texture": "#0"},
				"south": {"uv": [8, 0.5, 8.75, 1], "texture": "#0"},
				"west": {"uv": [0, 7.5, 1, 8], "texture": "#0"},
				"up": {"uv": [6.75, 6, 6, 5], "texture": "#0"},
				"down": {"uv": [6.75, 6, 6, 7], "texture": "#0"}
			}
		},
		{
			"from": [7.875, 4, 6.5],
			"to": [8.125, 14, 8],
			"faces": {
				"north": {"uv": [5, 6, 5.125, 11], "texture": "#0"},
				"east": {"uv": [0, 0, 0.75, 5], "texture": "#0"},
				"south": {"uv": [3, 6.5, 3.125, 11.5], "texture": "#0"},
				"west": {"uv": [1, 0, 1.75, 5], "texture": "#0"},
				"up": {"uv": [8.125, 8.75, 8, 8], "texture": "#0"},
				"down": {"uv": [0.125, 8.5, 0, 9.25], "texture": "#0"}
			}
		},
		{
			"from": [7.875, 14, 7],
			"to": [8.125, 16, 8.25],
			"faces": {
				"north": {"uv": [6, 8, 6.125, 9], "texture": "#0"},
				"east": {"uv": [6.5, 0, 7.125, 1], "texture": "#0"},
				"south": {"uv": [6.5, 8, 6.625, 9], "texture": "#0"},
				"west": {"uv": [6.5, 3.5, 7.125, 4.5], "texture": "#0"},
				"up": {"uv": [2.625, 9.125, 2.5, 8.5], "texture": "#0"},
				"down": {"uv": [8.625, 4, 8.5, 4.625], "texture": "#0"}
			}
		},
		{
			"from": [7.875, 14, 6.75],
			"to": [8.125, 15.25, 7],
			"faces": {
				"north": {"uv": [4.5, 8.5, 4.625, 9.125], "texture": "#0"},
				"east": {"uv": [8.5, 5, 8.625, 5.625], "texture": "#0"},
				"south": {"uv": [5.5, 8.5, 5.625, 9.125], "texture": "#0"},
				"west": {"uv": [8.5, 6, 8.625, 6.625], "texture": "#0"},
				"up": {"uv": [9.625, 2.625, 9.5, 2.5], "texture": "#0"},
				"down": {"uv": [9.625, 3, 9.5, 3.125], "texture": "#0"}
			}
		},
		{
			"from": [7.875, 16, 7.5],
			"to": [8.125, 17, 7.75],
			"faces": {
				"north": {"uv": [9, 0, 9.125, 0.5], "texture": "#0"},
				"east": {"uv": [9, 0.5, 9.125, 1], "texture": "#0"},
				"south": {"uv": [1, 9, 1.125, 9.5], "texture": "#0"},
				"west": {"uv": [9, 1, 9.125, 1.5], "texture": "#0"},
				"up": {"uv": [9.625, 3.625, 9.5, 3.5], "texture": "#0"},
				"down": {"uv": [9.625, 4, 9.5, 4.125], "texture": "#0"}
			}
		},
		{
			"from": [7.875, 17.25, 8.5],
			"to": [8.125, 18, 8.75],
			"faces": {
				"north": {"uv": [9, 3, 9.125, 3.375], "texture": "#0"},
				"east": {"uv": [9, 3.5, 9.125, 3.875], "texture": "#0"},
				"south": {"uv": [9, 4, 9.125, 4.375], "texture": "#0"},
				"west": {"uv": [9, 4.5, 9.125, 4.875], "texture": "#0"},
				"up": {"uv": [4.625, 9.625, 4.5, 9.5], "texture": "#0"},
				"down": {"uv": [9.625, 4.5, 9.5, 4.625], "texture": "#0"}
			}
		},
		{
			"from": [7.875, 11, 9.5],
			"to": [8.125, 11.75, 9.75],
			"faces": {
				"north": {"uv": [9, 5, 9.125, 5.375], "texture": "#0"},
				"east": {"uv": [9, 5.5, 9.125, 5.875], "texture": "#0"},
				"south": {"uv": [6, 9, 6.125, 9.375], "texture": "#0"},
				"west": {"uv": [9, 6, 9.125, 6.375], "texture": "#0"},
				"up": {"uv": [9.625, 5.125, 9.5, 5], "texture": "#0"},
				"down": {"uv": [5.625, 9.5, 5.5, 9.625], "texture": "#0"}
			}
		},
		{
			"from": [7.875, 12.25, 9],
			"to": [8.125, 12.75, 9.25],
			"faces": {
				"north": {"uv": [8, 9, 8.125, 9.25], "texture": "#0"},
				"east": {"uv": [9, 8, 9.125, 8.25], "texture": "#0"},
				"south": {"uv": [8.5, 9, 8.625, 9.25], "texture": "#0"},
				"west": {"uv": [9, 8.5, 9.125, 8.75], "texture": "#0"},
				"up": {"uv": [9.625, 5.625, 9.5, 5.5], "texture": "#0"},
				"down": {"uv": [6.125, 9.5, 6, 9.625], "texture": "#0"}
			}
		},
		{
			"from": [7.875, 17.25, 8.25],
			"to": [8.125, 17.75, 8.5],
			"faces": {
				"north": {"uv": [9, 9, 9.125, 9.25], "texture": "#0"},
				"east": {"uv": [0, 9.5, 0.125, 9.75], "texture": "#0"},
				"south": {"uv": [9.5, 0, 9.625, 0.25], "texture": "#0"},
				"west": {"uv": [0.5, 9.5, 0.625, 9.75], "texture": "#0"},
				"up": {"uv": [9.625, 6.125, 9.5, 6], "texture": "#0"},
				"down": {"uv": [6.625, 9.5, 6.5, 9.625], "texture": "#0"}
			}
		},
		{
			"from": [7.875, 17.25, 8],
			"to": [8.125, 17.5, 8.25],
			"faces": {
				"north": {"uv": [9.5, 6.5, 9.625, 6.625], "texture": "#0"},
				"east": {"uv": [7, 9.5, 7.125, 9.625], "texture": "#0"},
				"south": {"uv": [9.5, 7, 9.625, 7.125], "texture": "#0"},
				"west": {"uv": [7.5, 9.5, 7.625, 9.625], "texture": "#0"},
				"up": {"uv": [9.625, 7.625, 9.5, 7.5], "texture": "#0"},
				"down": {"uv": [8.125, 9.5, 8, 9.625], "texture": "#0"}
			}
		},
		{
			"from": [7.875, 10, 8],
			"to": [8.125, 10.25, 8.25],
			"faces": {
				"north": {"uv": [9.5, 8, 9.625, 8.125], "texture": "#0"},
				"east": {"uv": [8.5, 9.5, 8.625, 9.625], "texture": "#0"},
				"south": {"uv": [9.5, 8.5, 9.625, 8.625], "texture": "#0"},
				"west": {"uv": [9, 9.5, 9.125, 9.625], "texture": "#0"},
				"up": {"uv": [9.625, 9.125, 9.5, 9], "texture": "#0"},
				"down": {"uv": [9.625, 9.5, 9.5, 9.625], "texture": "#0"}
			}
		}
	],
	"display": {
		"thirdperson_righthand": {
			"translation": [0, 5.25, 0.5]
		},
		"thirdperson_lefthand": {
			"translation": [0, 5.25, 0.5]
		},
		"firstperson_righthand": {
			"translation": [0, 5.25, 0]
		},
		"firstperson_lefthand": {
			"translation": [0, 5.25, 0]
		},
		"ground": {
			"translation": [0, 5.25, 0]
		},
		"gui": {
			"rotation": [-90, 45, 90]
		},
		"fixed": {
			"rotation": [-90, -45, -90]
		}
	},
	"groups": [
		{
			"name": "group",
			"origin": [0, 0, 0],
			"color": 0,
			"children": [0, 1, 2, 3, 4, 5, 6, 7, 8, 9, 10, 11, 12, 13, 14, 15, 16, 17, 18, 19, 20, 21, 22, 23, 24]
		}
	]
}