{
	"credit": "Made with Blockbench",
	"textures": {
		"0": "block/NightmareCrystallization",
		"particle": "block/NightmareCrystallization"
	},
	"elements": [
		{
			"from": [8.5, 4, 6.5],
			"to": [9.5, 5, 7.5],
			"rotation": {"angle": -22.5, "axis": "x", "origin": [9, 1, 7]},
			"faces": {
				"north": {"uv": [12, 2, 13, 3], "texture": "#0"},
				"east": {"uv": [12, 3, 13, 4], "texture": "#0"},
				"south": {"uv": [4, 12, 5, 13], "texture": "#0"},
				"west": {"uv": [12, 4, 13, 5], "texture": "#0"},
				"up": {"uv": [6, 13, 5, 12], "texture": "#0"},
				"down": {"uv": [13, 5, 12, 6], "texture": "#0"}
			}
		},
		{
			"from": [7, 0, 7],
			"to": [9, 5, 9],
			"faces": {
				"north": {"uv": [0, 0, 2, 5], "texture": "#0"},
				"east": {"uv": [2, 0, 4, 5], "texture": "#0"},
				"south": {"uv": [4, 0, 6, 5], "texture": "#0"},
				"west": {"uv": [0, 5, 2, 10], "texture": "#0"},
				"up": {"uv": [4, 11, 2, 9], "texture": "#0"},
				"down": {"uv": [6, 9, 4, 11], "texture": "#0"}
			}
		},
		{
			"from": [7.25, 5, 7.25],
			"to": [8.75, 6, 8.75],
			"faces": {
				"north": {"uv": [2, 11, 3.5, 12], "texture": "#0"},
				"east": {"uv": [4, 11, 5.5, 12], "texture": "#0"},
				"south": {"uv": [6, 11, 7.5, 12], "texture": "#0"},
				"west": {"uv": [8, 11, 9.5, 12], "texture": "#0"},
				"up": {"uv": [11.5, 5.5, 10, 4], "texture": "#0"},
				"down": {"uv": [11.5, 6, 10, 7.5], "texture": "#0"}
			}
		},
		{
			"from": [7.5, 6, 7.5],
			"to": [8.5, 7, 8.5],
			"faces": {
				"north": {"uv": [6, 12, 7, 13], "texture": "#0"},
				"east": {"uv": [12, 6, 13, 7], "texture": "#0"},
				"south": {"uv": [7, 12, 8, 13], "texture": "#0"},
				"west": {"uv": [12, 7, 13, 8], "texture": "#0"},
				"up": {"uv": [9, 13, 8, 12], "texture": "#0"},
				"down": {"uv": [13, 8, 12, 9], "texture": "#0"}
			}
		},
		{
			"from": [6, 0, 6],
			"to": [8, 3, 8],
			"rotation": {"angle": 22.5, "axis": "z", "origin": [7, 1, 7]},
			"faces": {
				"north": {"uv": [8, 0, 10, 3], "texture": "#0"},
				"east": {"uv": [8, 3, 10, 6], "texture": "#0"},
				"south": {"uv": [6, 8, 8, 11], "texture": "#0"},
				"west": {"uv": [8, 6, 10, 9], "texture": "#0"},
				"up": {"uv": [10, 11, 8, 9], "texture": "#0"},
				"down": {"uv": [2, 10, 0, 12], "texture": "#0"}
			}
		},
		{
			"from": [6.25, 3, 6.25],
			"to": [7.75, 4, 7.75],
			"rotation": {"angle": 22.5, "axis": "z", "origin": [7, 1, 7]},
			"faces": {
				"north": {"uv": [0, 12, 1.5, 13], "texture": "#0"},
				"east": {"uv": [12, 0, 13.5, 1], "texture": "#0"},
				"south": {"uv": [12, 1, 13.5, 2], "texture": "#0"},
				"west": {"uv": [2, 12, 3.5, 13], "texture": "#0"},
				"up": {"uv": [11.5, 9.5, 10, 8], "texture": "#0"},
				"down": {"uv": [11.5, 10, 10, 11.5], "texture": "#0"}
			}
		},
		{
			"from": [8, 0, 6],
			"to": [10, 4, 8],
			"rotation": {"angle": -22.5, "axis": "x", "origin": [9, 1, 7]},
			"faces": {
				"north": {"uv": [2, 5, 4, 9], "texture": "#0"},
				"east": {"uv": [4, 5, 6, 9], "texture": "#0"},
				"south": {"uv": [6, 0, 8, 4], "texture": "#0"},
				"west": {"uv": [6, 4, 8, 8], "texture": "#0"},
				"up": {"uv": [12, 2, 10, 0], "texture": "#0"},
				"down": {"uv": [12, 2, 10, 4], "texture": "#0"}
			}
		}
	],
	"display": {
		"thirdperson_righthand": {
			"translation": [0, 1.75, 0],
			"scale": [0.5, 0.5, 0.5]
		},
		"thirdperson_lefthand": {
			"translation": [0, 1.75, 0],
			"scale": [0.5, 0.5, 0.5]
		},
		"firstperson_righthand": {
			"translation": [0, 5, 0]
		},
		"firstperson_lefthand": {
			"translation": [0, 5, 0]
		},
		"ground": {
			"translation": [0, 2.75, 0]
		},
		"gui": {
			"rotation": [-180, 0, -180],
			"translation": [0, 9.5, 0],
			"scale": [2, 2, 2]
		},
		"fixed": {
			"translation": [0, 10, 0],
			"scale": [2, 2, 2]
		}
	},
	"groups": [
		{
			"name": "group",
			"origin": [9, 1, 7],
			"color": 0,
			"children": [0, 1, 2, 3, 4, 5, 6]
		}
	]
}