{
	"credit": "Made with Blockbench",
	"texture_size": [8, 8],
	"textures": {
		"0": "block/PhantomFragment",
		"particle": "block/PhantomFragment"
	},
	"elements": [
		{
			"from": [9, 0, 6],
			"to": [10, 1, 8],
			"faces": {
				"north": {"uv": [10, 4, 12, 6], "texture": "#0"},
				"east": {"uv": [4, 0, 8, 2], "texture": "#0"},
				"south": {"uv": [6, 10, 8, 12], "texture": "#0"},
				"west": {"uv": [4, 2, 8, 4], "texture": "#0"},
				"up": {"uv": [6, 8, 4, 4], "texture": "#0"},
				"down": {"uv": [8, 4, 6, 8], "texture": "#0"}
			}
		},
		{
			"from": [8, 0, 7],
			"to": [9, 1, 9],
			"faces": {
				"north": {"uv": [8, 10, 10, 12], "texture": "#0"},
				"east": {"uv": [0, 8, 4, 10], "texture": "#0"},
				"south": {"uv": [10, 8, 12, 10], "texture": "#0"},
				"west": {"uv": [8, 0, 12, 2], "texture": "#0"},
				"up": {"uv": [10, 6, 8, 2], "texture": "#0"},
				"down": {"uv": [6, 8, 4, 12], "texture": "#0"}
			}
		},
		{
			"from": [7, 0, 5],
			"to": [9, 1, 7],
			"faces": {
				"north": {"uv": [6, 8, 10, 10], "texture": "#0"},
				"east": {"uv": [8, 6, 12, 8], "texture": "#0"},
				"south": {"uv": [0, 10, 4, 12], "texture": "#0"},
				"west": {"uv": [10, 2, 14, 4], "texture": "#0"},
				"up": {"uv": [4, 4, 0, 0], "texture": "#0"},
				"down": {"uv": [4, 4, 0, 8], "texture": "#0"}
			}
		}
	],
	"display": {
		"thirdperson_righthand": {
			"translation": [-0.5, 6, 0]
		},
		"thirdperson_lefthand": {
			"translation": [0.5, 6, 0]
		},
		"firstperson_righthand": {
			"translation": [0, 7.5, 0]
		},
		"firstperson_lefthand": {
			"translation": [0, 7.5, 0]
		},
		"ground": {
			"translation": [0, 6, 0]
		},
		"gui": {
			"rotation": [90, 0, 0],
			"translation": [-1, -4, 0],
			"scale": [4, 4, 4]
		},
		"fixed": {
			"rotation": [-90, 0, 0],
			"translation": [-1.75, 4, -31],
			"scale": [4, 4, 4]
		}
	},
	"groups": [
		{
			"name": "group",
			"origin": [0, 0, 0],
			"color": 0,
			"children": [0, 1, 2]
		}
	]
}