{
	"credit": "Made with Blockbench",
	"textures": {
		"0": "block/PhantomGem",
		"particle": "block/PhantomGem"
	},
	"elements": [
		{
			"from": [6, 2, 6],
			"to": [10, 3.5, 10],
			"faces": {
				"north": {"uv": [3, 8, 7, 9.5], "texture": "#0"},
				"east": {"uv": [8, 3, 12, 4.5], "texture": "#0"},
				"south": {"uv": [8, 5, 12, 6.5], "texture": "#0"},
				"west": {"uv": [7, 8, 11, 9.5], "texture": "#0"},
				"up": {"uv": [4, 4, 0, 0], "texture": "#0"},
				"down": {"uv": [4, 4, 0, 8], "texture": "#0"}
			}
		},
		{
			"from": [6.5, 1.25, 6.5],
			"to": [9.5, 2.75, 9.5],
			"faces": {
				"north": {"uv": [0, 11, 3, 12.5], "texture": "#0"},
				"east": {"uv": [11, 9, 14, 10.5], "texture": "#0"},
				"south": {"uv": [11, 11, 14, 12.5], "texture": "#0"},
				"west": {"uv": [12, 2, 15, 3.5], "texture": "#0"},
				"up": {"uv": [3, 11, 0, 8], "texture": "#0"},
				"down": {"uv": [11, 0, 8, 3], "texture": "#0"}
			}
		},
		{
			"from": [7.5, -0.25, 7.5],
			"to": [8.5, 1.25, 8.5],
			"faces": {
				"north": {"uv": [2, 13, 3, 14.5], "texture": "#0"},
				"east": {"uv": [11, 13, 12, 14.5], "texture": "#0"},
				"south": {"uv": [12, 13, 13, 14.5], "texture": "#0"},
				"west": {"uv": [13, 13, 14, 14.5], "texture": "#0"},
				"up": {"uv": [9, 8, 8, 7], "texture": "#0"},
				"down": {"uv": [10, 7, 9, 8], "texture": "#0"}
			}
		},
		{
			"from": [7, 0.5, 7],
			"to": [9, 2, 9],
			"faces": {
				"north": {"uv": [5, 12, 7, 13.5], "texture": "#0"},
				"east": {"uv": [7, 12, 9, 13.5], "texture": "#0"},
				"south": {"uv": [9, 12, 11, 13.5], "texture": "#0"},
				"west": {"uv": [0, 13, 2, 14.5], "texture": "#0"},
				"up": {"uv": [5, 14, 3, 12], "texture": "#0"},
				"down": {"uv": [14, 4, 12, 6], "texture": "#0"}
			}
		},
		{
			"from": [6.25, 3, 6.25],
			"to": [9.75, 4.5, 9.75],
			"faces": {
				"north": {"uv": [3, 10, 6.5, 11.5], "texture": "#0"},
				"east": {"uv": [7, 10, 10.5, 11.5], "texture": "#0"},
				"south": {"uv": [11, 0, 14.5, 1.5], "texture": "#0"},
				"west": {"uv": [11, 7, 14.5, 8.5], "texture": "#0"},
				"up": {"uv": [7.5, 3.5, 4, 0], "texture": "#0"},
				"down": {"uv": [7.5, 4, 4, 7.5], "texture": "#0"}
			}
		}
	],
	"display": {
		"thirdperson_righthand": {
			"translation": [0, 5, 0],
			"scale": [0.75, 0.75, 0.75]
		},
		"thirdperson_lefthand": {
			"translation": [0, 5, 0],
			"scale": [0.75, 0.75, 0.75]
		},
		"firstperson_righthand": {
			"translation": [0, 5, 0]
		},
		"firstperson_lefthand": {
			"translation": [0, 5, 0]
		},
		"ground": {
			"translation": [0, 3.75, 0]
		},
		"gui": {
			"translation": [0, 17, -1.5],
			"scale": [3, 3, 3]
		},
		"fixed": {
			"translation": [0, 17, -1.5],
			"scale": [3, 3, 3]
		}
	},
	"groups": [
		{
			"name": "group",
			"origin": [0, 0, 0],
			"color": 0,
			"children": [0, 1, 2, 3, 4]
		}
	]
}