{
	"credit": "Made with Blockbench",
	"texture_size": [8, 8],
	"textures": {
		"0": "block/PiecesOfKnightArmor1",
		"1": "block/PiecesOfKnightArmor2",
		"particle": "block/PiecesOfKnightArmor1"
	},
	"elements": [
		{
			"from": [6.5, 2, 7],
			"to": [9.5, 3, 8],
			"faces": {
				"north": {"uv": [7, 0, 10, 1], "texture": "#0"},
				"east": {"uv": [9, 6, 10, 7], "texture": "#0"},
				"south": {"uv": [7, 1, 10, 2], "texture": "#0"},
				"west": {"uv": [9, 7, 10, 8], "texture": "#0"},
				"up": {"uv": [5, 8, 2, 7], "texture": "#0"},
				"down": {"uv": [10, 2, 7, 3], "texture": "#0"}
			}
		},
		{
			"from": [6.5, -2, 7],
			"to": [9.5, 0, 8],
			"faces": {
				"north": {"uv": [0, 4, 3, 6], "texture": "#0"},
				"east": {"uv": [4, 8, 5, 10], "texture": "#0"},
				"south": {"uv": [4, 0, 7, 2], "texture": "#0"},
				"west": {"uv": [8, 4, 9, 6], "texture": "#0"},
				"up": {"uv": [10, 4, 7, 3], "texture": "#0"},
				"down": {"uv": [8, 7, 5, 8], "texture": "#0"}
			}
		},
		{
			"from": [6, 0, 7],
			"to": [10, 2, 8],
			"faces": {
				"north": {"uv": [0, 0, 4, 2], "texture": "#0"},
				"east": {"uv": [5, 8, 6, 10], "texture": "#0"},
				"south": {"uv": [0, 2, 4, 4], "texture": "#0"},
				"west": {"uv": [6, 8, 7, 10], "texture": "#0"},
				"up": {"uv": [4, 7, 0, 6], "texture": "#0"},
				"down": {"uv": [8, 6, 4, 7], "texture": "#0"}
			}
		},
		{
			"from": [7, -3, 7],
			"to": [8, -2, 8],
			"faces": {
				"north": {"uv": [9, 8, 10, 9], "texture": "#0"},
				"east": {"uv": [9, 9, 10, 10], "texture": "#0"},
				"south": {"uv": [10, 0, 11, 1], "texture": "#0"},
				"west": {"uv": [10, 1, 11, 2], "texture": "#0"},
				"up": {"uv": [11, 3, 10, 2], "texture": "#0"},
				"down": {"uv": [11, 3, 10, 4], "texture": "#0"}
			}
		},
		{
			"from": [5, 0, 7],
			"to": [6, 2, 10],
			"faces": {
				"north": {"uv": [8, 6, 9, 8], "texture": "#0"},
				"east": {"uv": [4, 2, 7, 4], "texture": "#0"},
				"south": {"uv": [7, 8, 8, 10], "texture": "#0"},
				"west": {"uv": [3, 4, 6, 6], "texture": "#0"},
				"up": {"uv": [3, 11, 2, 8], "texture": "#0"},
				"down": {"uv": [4, 8, 3, 11], "texture": "#0"}
			}
		},
		{
			"from": [10, 0, 7],
			"to": [11, 2, 9],
			"faces": {
				"north": {"uv": [8, 8, 9, 10], "texture": "#0"},
				"east": {"uv": [6, 4, 8, 6], "texture": "#0"},
				"south": {"uv": [0, 9, 1, 11], "texture": "#0"},
				"west": {"uv": [0, 7, 2, 9], "texture": "#0"},
				"up": {"uv": [2, 11, 1, 9], "texture": "#0"},
				"down": {"uv": [10, 4, 9, 6], "texture": "#0"}
			}
		},
		{
			"from": [7, -0.5, 6.5],
			"to": [9, 2.5, 7.5],
			"faces": {
				"north": {"uv": [0, 0, 4, 6], "texture": "#1"},
				"east": {"uv": [0, 6, 2, 12], "texture": "#1"},
				"south": {"uv": [4, 0, 8, 6], "texture": "#1"},
				"west": {"uv": [2, 6, 4, 12], "texture": "#1"},
				"up": {"uv": [8, 8, 4, 6], "texture": "#1"},
				"down": {"uv": [12, 0, 8, 2], "texture": "#1"}
			}
		}
	],
	"display": {
		"thirdperson_righthand": {
			"rotation": [0, 90, 0],
			"translation": [-0.25, 6.5, 0]
		},
		"thirdperson_lefthand": {
			"rotation": [0, 90, 0],
			"translation": [-0.25, 6.5, 0]
		},
		"firstperson_righthand": {
			"rotation": [0, 90, 0],
			"translation": [0, 7, 0]
		},
		"firstperson_lefthand": {
			"rotation": [0, 90, 0],
			"translation": [0, 7, 0]
		},
		"ground": {
			"translation": [0, 5.5, 0]
		},
		"gui": {
			"rotation": [0, 180, 0],
			"translation": [0, 15, 0],
			"scale": [2, 2, 2]
		},
		"fixed": {
			"translation": [0, 15, 0],
			"scale": [2, 2, 2]
		}
	},
	"groups": [
		{
			"name": "group",
			"origin": [0, 0, 0],
			"color": 0,
			"children": [0, 1, 2, 3, 4, 5]
		},
		{
			"name": "group",
			"origin": [0, 0, 0],
			"color": 0,
			"children": [6]
		}
	]
}