{
	"credit": "Made with Blockbench",
	"textures": {
		"0": "block/ShadowCrystal",
		"particle": "block/ShadowCrystal"
	},
	"elements": [
		{
			"from": [6.75, 0, 6.75],
			"to": [9.25, 7, 9.25],
			"faces": {
				"north": {"uv": [0, 0, 2.5, 7], "texture": "#0"},
				"east": {"uv": [3, 0, 5.5, 7], "texture": "#0"},
				"south": {"uv": [6, 0, 8.5, 7], "texture": "#0"},
				"west": {"uv": [0, 7, 2.5, 14], "texture": "#0"},
				"up": {"uv": [5.5, 9.5, 3, 7], "texture": "#0"},
				"down": {"uv": [8.5, 7, 6, 9.5], "texture": "#0"}
			}
		},
		{
			"from": [7, -0.5, 7],
			"to": [9, 1.5, 9],
			"faces": {
				"north": {"uv": [9, 0, 11, 2], "texture": "#0"},
				"east": {"uv": [9, 2, 11, 4], "texture": "#0"},
				"south": {"uv": [9, 4, 11, 6], "texture": "#0"},
				"west": {"uv": [9, 6, 11, 8], "texture": "#0"},
				"up": {"uv": [11, 10, 9, 8], "texture": "#0"},
				"down": {"uv": [5, 10, 3, 12], "texture": "#0"}
			}
		},
		{
			"from": [7, 5.5, 7],
			"to": [9, 7.5, 9],
			"faces": {
				"north": {"uv": [5, 10, 7, 12], "texture": "#0"},
				"east": {"uv": [7, 10, 9, 12], "texture": "#0"},
				"south": {"uv": [9, 10, 11, 12], "texture": "#0"},
				"west": {"uv": [11, 0, 13, 2], "texture": "#0"},
				"up": {"uv": [13, 4, 11, 2], "texture": "#0"},
				"down": {"uv": [13, 4, 11, 6], "texture": "#0"}
			}
		},
		{
			"from": [7.25, 6, 7.25],
			"to": [8.75, 8, 8.75],
			"faces": {
				"north": {"uv": [11, 6, 12.5, 8], "texture": "#0"},
				"east": {"uv": [11, 8, 12.5, 10], "texture": "#0"},
				"south": {"uv": [11, 10, 12.5, 12], "texture": "#0"},
				"west": {"uv": [3, 12, 4.5, 14], "texture": "#0"},
				"up": {"uv": [14.5, 1.5, 13, 0], "texture": "#0"},
				"down": {"uv": [14.5, 2, 13, 3.5], "texture": "#0"}
			}
		},
		{
			"from": [7.25, -1, 7.25],
			"to": [8.75, 1, 8.75],
			"faces": {
				"north": {"uv": [5, 12, 6.5, 14], "texture": "#0"},
				"east": {"uv": [7, 12, 8.5, 14], "texture": "#0"},
				"south": {"uv": [9, 12, 10.5, 14], "texture": "#0"},
				"west": {"uv": [11, 12, 12.5, 14], "texture": "#0"},
				"up": {"uv": [14.5, 5.5, 13, 4], "texture": "#0"},
				"down": {"uv": [14.5, 6, 13, 7.5], "texture": "#0"}
			}
		},
		{
			"from": [7.5, 6.5, 7.5],
			"to": [8.5, 8.5, 8.5],
			"faces": {
				"north": {"uv": [13, 8, 14, 10], "texture": "#0"},
				"east": {"uv": [13, 10, 14, 12], "texture": "#0"},
				"south": {"uv": [13, 12, 14, 14], "texture": "#0"},
				"west": {"uv": [0, 14, 1, 16], "texture": "#0"},
				"up": {"uv": [6, 15, 5, 14], "texture": "#0"},
				"down": {"uv": [7, 14, 6, 15], "texture": "#0"}
			}
		},
		{
			"from": [7.5, -1.5, 7.5],
			"to": [8.5, 0.5, 8.5],
			"faces": {
				"north": {"uv": [1, 14, 2, 16], "texture": "#0"},
				"east": {"uv": [2, 14, 3, 16], "texture": "#0"},
				"south": {"uv": [3, 14, 4, 16], "texture": "#0"},
				"west": {"uv": [4, 14, 5, 16], "texture": "#0"},
				"up": {"uv": [8, 15, 7, 14], "texture": "#0"},
				"down": {"uv": [9, 14, 8, 15], "texture": "#0"}
			}
		}
	],
	"display": {
		"thirdperson_righthand": {
			"translation": [0, 4.5, 0]
		},
		"thirdperson_lefthand": {
			"translation": [0, 4.5, 0]
		},
		"firstperson_righthand": {
			"translation": [0, 4.5, 0]
		},
		"firstperson_lefthand": {
			"translation": [0, 4.5, 0]
		},
		"ground": {
			"translation": [0, 2.75, 0]
		},
		"gui": {
			"translation": [0, 9, 0],
			"scale": [2, 2, 2]
		},
		"fixed": {
			"translation": [0, 9, -1.5],
			"scale": [2, 2, 2]
		}
	},
	"groups": [
		{
			"name": "group",
			"origin": [0, 0, 0],
			"color": 0,
			"children": [0, 1, 2, 3, 4, 5, 6]
		}
	]
}