{
	"credit": "Made with Blockbench",
	"texture_size": [64, 64],
	"textures": {
		"0": "block/SickleOfLifeAndDeath",
		"particle": "block/SickleOfLifeAndDeath"
	},
	"elements": [
		{
			"from": [7.25, -7, 22.25],
			"to": [8.75, 26, 23.75],
			"rotation": {"angle": -45, "axis": "x", "origin": [5, 1.49994, 23.0897]},
			"faces": {
				"north": {"uv": [0, 2.5, 0.375, 10.75], "texture": "#0"},
				"east": {"uv": [0.5, 2.5, 0.875, 10.75], "texture": "#0"},
				"south": {"uv": [1, 2.5, 1.375, 10.75], "texture": "#0"},
				"west": {"uv": [1.5, 2.5, 1.875, 10.75], "texture": "#0"},
				"up": {"uv": [3.375, 5.875, 3, 5.5], "texture": "#0"},
				"down": {"uv": [4.625, 9, 4.25, 9.375], "texture": "#0"}
			}
		},
		{
			"from": [7.25, -10.84403, 27.21351],
			"to": [8.75, -4.59403, 28.71351],
			"rotation": {"angle": -22.5, "axis": "x", "origin": [5, -2.50006, 27.0897]},
			"faces": {
				"north": {"uv": [5.75, 7, 6.125, 8.5625], "texture": "#0"},
				"east": {"uv": [7, 6, 7.375, 7.5625], "texture": "#0"},
				"south": {"uv": [7.25, 3.5, 7.625, 5.0625], "texture": "#0"},
				"west": {"uv": [4.25, 7.25, 4.625, 8.8125], "texture": "#0"},
				"up": {"uv": [7.375, 9.375, 7, 9], "texture": "#0"},
				"down": {"uv": [2.375, 9.25, 2, 9.625], "texture": "#0"}
			}
		},
		{
			"from": [7.25, -14.33122, 30.29226],
			"to": [8.75, -9.63401, 31.79226],
			"rotation": {"angle": 0, "axis": "y", "origin": [5, -2.50006, 27.0897]},
			"faces": {
				"north": {"uv": [7, 7.75, 7.375, 8.9375], "texture": "#0"},
				"east": {"uv": [3.25, 8, 3.625, 9.1875], "texture": "#0"},
				"south": {"uv": [8, 7.5, 8.375, 8.6875], "texture": "#0"},
				"west": {"uv": [7.5, 8.25, 7.875, 9.4375], "texture": "#0"},
				"up": {"uv": [3.625, 9.625, 3.25, 9.25], "texture": "#0"},
				"down": {"uv": [9.625, 4.5, 9.25, 4.875], "texture": "#0"}
			}
		},
		{
			"from": [7.25, 13.75, 5.25],
			"to": [8.75, 19.75, 6.75],
			"rotation": {"angle": -22.5, "axis": "x", "origin": [8, 16.18881, -3.6045]},
			"faces": {
				"north": {"uv": [7.5, 0, 7.875, 1.5], "texture": "#0"},
				"east": {"uv": [7.5, 5.25, 7.875, 6.75], "texture": "#0"},
				"south": {"uv": [7.5, 6.75, 7.875, 8.25], "texture": "#0"},
				"west": {"uv": [2, 7.75, 2.375, 9.25], "texture": "#0"},
				"up": {"uv": [8.875, 9.625, 8.5, 9.25], "texture": "#0"},
				"down": {"uv": [9.375, 9.25, 9, 9.625], "texture": "#0"}
			}
		},
		{
			"from": [7, 13.25, 3.25],
			"to": [9, 22.25, 5.75],
			"rotation": {"angle": -22.5, "axis": "x", "origin": [8, 16.18881, -3.6045]},
			"faces": {
				"north": {"uv": [2, 5.5, 2.5, 7.75], "texture": "#0"},
				"east": {"uv": [5, 2, 5.625, 4.25], "texture": "#0"},
				"south": {"uv": [2.5, 5.5, 3, 7.75], "texture": "#0"},
				"west": {"uv": [5, 4.25, 5.625, 6.5], "texture": "#0"},
				"up": {"uv": [9.25, 5.125, 8.75, 4.5], "texture": "#0"},
				"down": {"uv": [6.25, 8.75, 5.75, 9.375], "texture": "#0"}
			}
		},
		{
			"from": [7.125, 20.5, -3.25],
			"to": [8.875, 21.75, 3.25],
			"rotation": {"angle": -22.5, "axis": "x", "origin": [8, 16.18881, -3.6045]},
			"faces": {
				"north": {"uv": [9.5, 1.25, 9.9375, 1.5625], "texture": "#0"},
				"east": {"uv": [8, 3, 9.625, 3.3125], "texture": "#0"},
				"south": {"uv": [9.5, 1.75, 9.9375, 2.0625], "texture": "#0"},
				"west": {"uv": [8, 5.5, 9.625, 5.8125], "texture": "#0"},
				"up": {"uv": [6.9375, 7.625, 6.5, 6], "texture": "#0"},
				"down": {"uv": [7.4375, 0, 7, 1.625], "texture": "#0"}
			}
		},
		{
			"from": [7.625, 16.46068, -13.28865],
			"to": [8.375, 19.71068, -5.78865],
			"rotation": {"angle": -45, "axis": "x", "origin": [8, 15.18881, -5.6045]},
			"faces": {
				"north": {"uv": [2.75, 9, 2.9375, 9.8125], "texture": "#0"},
				"east": {"uv": [5, 0, 6.875, 0.8125], "texture": "#0"},
				"south": {"uv": [3, 9, 3.1875, 9.8125], "texture": "#0"},
				"west": {"uv": [5, 1, 6.875, 1.8125], "texture": "#0"},
				"up": {"uv": [5.6875, 9.625, 5.5, 7.75], "texture": "#0"},
				"down": {"uv": [4.9375, 8.75, 4.75, 10.625], "texture": "#0"}
			}
		},
		{
			"from": [7.75, 3.02586, -12.75],
			"to": [8.25, 10.52586, -10.5],
			"rotation": {"angle": 22.5, "axis": "x", "origin": [8, 13.18881, -6.6045]},
			"faces": {
				"north": {"uv": [6.75, 8.75, 6.875, 10.625], "texture": "#0"},
				"east": {"uv": [5.75, 5, 6.3125, 6.875], "texture": "#0"},
				"south": {"uv": [8, 8.75, 8.125, 10.625], "texture": "#0"},
				"west": {"uv": [3, 6, 3.5625, 7.875], "texture": "#0"},
				"up": {"uv": [9.625, 2.8125, 9.5, 2.25], "texture": "#0"},
				"down": {"uv": [4.375, 9.5, 4.25, 10.0625], "texture": "#0"}
			}
		},
		{
			"from": [7.875, 1.67456, -15.35],
			"to": [8.125, 7.17456, -14.1],
			"rotation": {"angle": 0, "axis": "y", "origin": [8, 13.18881, -6.6045]},
			"faces": {
				"north": {"uv": [3.75, 9.5, 3.8125, 10.875], "texture": "#0"},
				"east": {"uv": [8.5, 7.5, 8.8125, 8.875], "texture": "#0"},
				"south": {"uv": [4, 9.5, 4.0625, 10.875], "texture": "#0"},
				"west": {"uv": [8.75, 0, 9.0625, 1.375], "texture": "#0"},
				"up": {"uv": [4.5625, 9.8125, 4.5, 9.5], "texture": "#0"},
				"down": {"uv": [5.8125, 9.5, 5.75, 9.8125], "texture": "#0"}
			}
		},
		{
			"from": [7.5, 16.5, -8.25],
			"to": [8.5, 20.75, 5.25],
			"rotation": {"angle": -22.5, "axis": "x", "origin": [8, 16.18881, -3.6045]},
			"faces": {
				"north": {"uv": [6.25, 8.75, 6.5, 9.8125], "texture": "#0"},
				"east": {"uv": [0, 0, 3.375, 1.0625], "texture": "#0"},
				"south": {"uv": [6.5, 8.75, 6.75, 9.8125], "texture": "#0"},
				"west": {"uv": [0, 1.25, 3.375, 2.3125], "texture": "#0"},
				"up": {"uv": [4, 9.375, 3.75, 6], "texture": "#0"},
				"down": {"uv": [4.25, 6, 4, 9.375], "texture": "#0"}
			}
		},
		{
			"from": [7.5, 15.25, -0.25],
			"to": [8.5, 16.5, 5.25],
			"rotation": {"angle": -22.5, "axis": "x", "origin": [8, 16.18881, -3.6045]},
			"faces": {
				"north": {"uv": [6.25, 7, 6.5, 7.3125], "texture": "#0"},
				"east": {"uv": [8.5, 3.5, 9.875, 3.8125], "texture": "#0"},
				"south": {"uv": [4.75, 7.25, 5, 7.5625], "texture": "#0"},
				"west": {"uv": [8.5, 4, 9.875, 4.3125], "texture": "#0"},
				"up": {"uv": [5.25, 10.125, 5, 8.75], "texture": "#0"},
				"down": {"uv": [5.5, 8.75, 5.25, 10.125], "texture": "#0"}
			}
		},
		{
			"from": [7.5, 14, 1.75],
			"to": [8.5, 15.25, 5.25],
			"rotation": {"angle": -22.5, "axis": "x", "origin": [8, 16.18881, -3.6045]},
			"faces": {
				"north": {"uv": [7.25, 5.25, 7.5, 5.5625], "texture": "#0"},
				"east": {"uv": [8.75, 6, 9.625, 6.3125], "texture": "#0"},
				"south": {"uv": [7.75, 4.5, 8, 4.8125], "texture": "#0"},
				"west": {"uv": [8.75, 6.5, 9.625, 6.8125], "texture": "#0"},
				"up": {"uv": [8.5, 9.625, 8.25, 8.75], "texture": "#0"},
				"down": {"uv": [2.75, 9, 2.5, 9.875], "texture": "#0"}
			}
		},
		{
			"from": [4.5, 14.41239, 3.80664],
			"to": [7, 15.41239, 7.30664],
			"rotation": {"angle": -45, "axis": "x", "origin": [8, 16.18881, -3.6045]},
			"faces": {
				"north": {"uv": [8.5, 9, 9.125, 9.25], "texture": "#0"},
				"east": {"uv": [7, 1.75, 7.875, 2], "texture": "#0"},
				"south": {"uv": [9, 8.5, 9.625, 8.75], "texture": "#0"},
				"west": {"uv": [8.75, 5.25, 9.625, 5.5], "texture": "#0"},
				"up": {"uv": [8.375, 4.375, 7.75, 3.5], "texture": "#0"},
				"down": {"uv": [5.375, 7.75, 4.75, 8.625], "texture": "#0"}
			}
		},
		{
			"from": [4.5, 12.41239, 3.80664],
			"to": [7, 13.41239, 7.30664],
			"rotation": {"angle": -45, "axis": "x", "origin": [8, 16.18881, -3.6045]},
			"faces": {
				"north": {"uv": [9, 8.75, 9.625, 9], "texture": "#0"},
				"east": {"uv": [8.75, 7, 9.625, 7.25], "texture": "#0"},
				"south": {"uv": [9.25, 0, 9.875, 0.25], "texture": "#0"},
				"west": {"uv": [8.75, 7.25, 9.625, 7.5], "texture": "#0"},
				"up": {"uv": [6.875, 8.625, 6.25, 7.75], "texture": "#0"},
				"down": {"uv": [8.625, 0, 8, 0.875], "texture": "#0"}
			}
		},
		{
			"from": [9, 14.41239, 3.80664],
			"to": [11.5, 15.41239, 7.30664],
			"rotation": {"angle": -45, "axis": "x", "origin": [8, 16.18881, -3.6045]},
			"faces": {
				"north": {"uv": [9.25, 0.25, 9.875, 0.5], "texture": "#0"},
				"east": {"uv": [9, 7.5, 9.875, 7.75], "texture": "#0"},
				"south": {"uv": [9.25, 0.5, 9.875, 0.75], "texture": "#0"},
				"west": {"uv": [9, 7.75, 9.875, 8], "texture": "#0"},
				"up": {"uv": [8.625, 1.875, 8, 1], "texture": "#0"},
				"down": {"uv": [8.625, 2, 8, 2.875], "texture": "#0"}
			}
		},
		{
			"from": [9, 12.41239, 3.80664],
			"to": [11.5, 13.41239, 7.30664],
			"rotation": {"angle": -45, "axis": "x", "origin": [8, 16.18881, -3.6045]},
			"faces": {
				"north": {"uv": [9.25, 0.75, 9.875, 1], "texture": "#0"},
				"east": {"uv": [9, 8, 9.875, 8.25], "texture": "#0"},
				"south": {"uv": [9.25, 1, 9.875, 1.25], "texture": "#0"},
				"west": {"uv": [9, 8.25, 9.875, 8.5], "texture": "#0"},
				"up": {"uv": [3.125, 8.875, 2.5, 8], "texture": "#0"},
				"down": {"uv": [8.625, 4.5, 8, 5.375], "texture": "#0"}
			}
		},
		{
			"from": [6.5, 10.58732, 3.44769],
			"to": [9.5, 13.08732, 9.44769],
			"rotation": {"angle": -45, "axis": "x", "origin": [8, 16.18881, -3.6045]},
			"faces": {
				"north": {"uv": [8, 6, 8.75, 6.625], "texture": "#0"},
				"east": {"uv": [6.5, 2, 8, 2.625], "texture": "#0"},
				"south": {"uv": [8, 6.75, 8.75, 7.375], "texture": "#0"},
				"west": {"uv": [6.5, 2.75, 8, 3.375], "texture": "#0"},
				"up": {"uv": [6.5, 3.5, 5.75, 2], "texture": "#0"},
				"down": {"uv": [6.5, 3.5, 5.75, 5], "texture": "#0"}
			}
		},
		{
			"from": [6.75, 16.8056, 5.74466],
			"to": [9.25, 21.8056, 8.24466],
			"rotation": {"angle": 0, "axis": "y", "origin": [8, 16.18881, -3.6045]},
			"faces": {
				"north": {"uv": [4.25, 6, 4.875, 7.25], "texture": "#0"},
				"east": {"uv": [6.5, 3.5, 7.125, 4.75], "texture": "#0"},
				"south": {"uv": [6.5, 4.75, 7.125, 6], "texture": "#0"},
				"west": {"uv": [5, 6.5, 5.625, 7.75], "texture": "#0"},
				"up": {"uv": [9.375, 2.125, 8.75, 1.5], "texture": "#0"},
				"down": {"uv": [9.375, 2.25, 8.75, 2.875], "texture": "#0"}
			}
		},
		{
			"from": [5, 11.45802, 4.4639],
			"to": [11, 17.45802, 10.4639],
			"rotation": {"angle": -45, "axis": "x", "origin": [8, 16.18881, -3.6045]},
			"faces": {
				"north": {"uv": [2, 2.5, 3.5, 4], "texture": "#0"},
				"east": {"uv": [3.5, 0, 5, 1.5], "texture": "#0"},
				"south": {"uv": [3.5, 1.5, 5, 3], "texture": "#0"},
				"west": {"uv": [3.5, 3, 5, 4.5], "texture": "#0"},
				"up": {"uv": [3.5, 5.5, 2, 4], "texture": "#0"},
				"down": {"uv": [5, 4.5, 3.5, 6], "texture": "#0"}
			}
		}
	],
	"display": {
		"thirdperson_righthand": {
			"rotation": [45, 0, 0],
			"translation": [0, 12.5, -5.75]
		},
		"thirdperson_lefthand": {
			"rotation": [45, 0, 0],
			"translation": [0, 12.5, -5.75]
		},
		"firstperson_righthand": {
			"rotation": [22.5, 0, 0],
			"translation": [0, 5.25, -5.25]
		},
		"firstperson_lefthand": {
			"rotation": [22.5, 0, 0],
			"translation": [0, 5.25, -5.25]
		},
		"ground": {
			"translation": [0, 2, 0],
			"scale": [0.5, 0.5, 0.5]
		},
		"gui": {
			"rotation": [0, 90, 0],
			"translation": [-0.25, 0, -0.25],
			"scale": [0.5, 0.5, 0.5]
		},
		"fixed": {
			"rotation": [0, -90, 0],
			"translation": [-0.25, 0, -0.25],
			"scale": [0.5, 0.5, 0.5]
		}
	},
	"groups": [
		{
			"name": "group",
			"origin": [0, 0, 0],
			"color": 0,
			"children": [
				{
					"name": "group",
					"origin": [5, -3.50006, 25.0897],
					"color": 0,
					"children": [
						0,
						{
							"name": "group",
							"origin": [5, 1.49994, 23.0897],
							"color": 0,
							"children": [1, 2]
						}
					]
				},
				3,
				4,
				5,
				{
					"name": "group",
					"origin": [8, 10.83143, -10.68036],
					"color": 0,
					"children": [
						{
							"name": "group",
							"origin": [8, 17.18881, -2.6045],
							"color": 0,
							"children": [
								6,
								{
									"name": "group",
									"origin": [8, 16.18881, -4.6045],
									"color": 0,
									"children": [7, 8]
								}
							]
						},
						9,
						10,
						11
					]
				},
				12,
				13,
				14,
				15,
				16,
				17,
				{
					"name": "group",
					"origin": [8, 20.83174, 6.2879],
					"color": 0,
					"children": [18]
				}
			]
		}
	]
}