{
	"credit": "Made with Blockbench",
	"texture_size": [32, 32],
	"textures": {
		"0": "block/ObsidianBow2",
		"particle": "block/ObsidianBow2"
	},
	"elements": [
		{
			"from": [7.75, 4.75, 5],
			"to": [8.25, 5.25, 16.5],
			"faces": {
				"north": {"uv": [0.5, 9.5, 0.75, 9.75], "texture": "#0"},
				"east": {"uv": [2, 0, 7.75, 0.25], "texture": "#0"},
				"south": {"uv": [9.5, 0.5, 9.75, 0.75], "texture": "#0"},
				"west": {"uv": [2, 0.5, 7.75, 0.75], "texture": "#0"},
				"up": {"uv": [2.25, 6.75, 2, 1], "texture": "#0"},
				"down": {"uv": [2.75, 1, 2.5, 6.75], "texture": "#0"}
			}
		},
		{
			"from": [7.75, 4.75, 2.5],
			"to": [8.25, 5.25, 4],
			"faces": {
				"north": {"uv": [1, 9.5, 1.25, 9.75], "texture": "#0"},
				"east": {"uv": [9, 3, 9.75, 3.25], "texture": "#0"},
				"south": {"uv": [9.5, 1, 9.75, 1.25], "texture": "#0"},
				"west": {"uv": [9, 3.5, 9.75, 3.75], "texture": "#0"},
				"up": {"uv": [1.75, 9.75, 1.5, 9], "texture": "#0"},
				"down": {"uv": [9.25, 4, 9, 4.75], "texture": "#0"}
			}
		},
		{
			"from": [7.625, 4.625, 3.5],
			"to": [8.375, 5.375, 4.75],
			"faces": {
				"north": {"uv": [0, 9.5, 0.375, 9.875], "texture": "#0"},
				"east": {"uv": [7.5, 8.5, 8.125, 8.875], "texture": "#0"},
				"south": {"uv": [9.5, 0, 9.875, 0.375], "texture": "#0"},
				"west": {"uv": [8.5, 7.5, 9.125, 7.875], "texture": "#0"},
				"up": {"uv": [8.875, 8.625, 8.5, 8], "texture": "#0"},
				"down": {"uv": [9.375, 1, 9, 1.625], "texture": "#0"}
			}
		},
		{
			"from": [7.25, 4.25, 4.5],
			"to": [8.75, 5.75, 5],
			"faces": {
				"north": {"uv": [7.5, 2, 8.25, 2.75], "texture": "#0"},
				"east": {"uv": [9, 5, 9.25, 5.75], "texture": "#0"},
				"south": {"uv": [3.5, 7.5, 4.25, 8.25], "texture": "#0"},
				"west": {"uv": [9, 6, 9.25, 6.75], "texture": "#0"},
				"up": {"uv": [9.75, 7.25, 9, 7], "texture": "#0"},
				"down": {"uv": [8.25, 9, 7.5, 9.25], "texture": "#0"}
			}
		},
		{
			"from": [7.25, 5, 15],
			"to": [8.75, 5, 16.5],
			"faces": {
				"north": {"uv": [0, 0, 0.75, 0], "texture": "#0"},
				"east": {"uv": [0, 0, 0.75, 0], "texture": "#0"},
				"south": {"uv": [0, 0, 0.75, 0], "texture": "#0"},
				"west": {"uv": [0, 0, 0.75, 0], "texture": "#0"},
				"up": {"uv": [5.25, 8.25, 4.5, 7.5], "texture": "#0"},
				"down": {"uv": [6.25, 7.5, 5.5, 8.25], "texture": "#0"}
			}
		},
		{
			"from": [8, 4.25, 15],
			"to": [8, 5.75, 16.5],
			"rotation": {"angle": 0, "axis": "y", "origin": [8, 5.25, 15.75]},
			"faces": {
				"north": {"uv": [0, 0, 0, 0.75], "texture": "#0"},
				"east": {"uv": [6.5, 7.5, 7.25, 8.25], "texture": "#0"},
				"south": {"uv": [0, 0, 0, 0.75], "texture": "#0"},
				"west": {"uv": [7.5, 7.5, 8.25, 8.25], "texture": "#0"},
				"up": {"uv": [0, 0.75, 0, 0], "texture": "#0"},
				"down": {"uv": [0, 0, 0, 0.75], "texture": "#0"}
			}
		},
		{
			"from": [7.75, 0, 16.5],
			"to": [8.25, 10, 17],
			"faces": {
				"north": {"uv": [0, 3, 0.25, 8], "texture": "#0"},
				"east": {"uv": [0.5, 3, 0.75, 8], "texture": "#0"},
				"south": {"uv": [1, 3, 1.25, 8], "texture": "#0"},
				"west": {"uv": [3, 1, 3.25, 6], "texture": "#0"},
				"up": {"uv": [9.75, 1.75, 9.5, 1.5], "texture": "#0"},
				"down": {"uv": [2.25, 9.5, 2, 9.75], "texture": "#0"}
			}
		},
		{
			"from": [7.75, 10.03033, 16.07322],
			"to": [8.25, 13.03033, 16.57322],
			"rotation": {"angle": -45, "axis": "x", "origin": [8, 10.53033, 16.82322]},
			"faces": {
				"north": {"uv": [3, 8.5, 3.25, 10], "texture": "#0"},
				"east": {"uv": [3.5, 8.5, 3.75, 10], "texture": "#0"},
				"south": {"uv": [4, 8.5, 4.25, 10], "texture": "#0"},
				"west": {"uv": [4.5, 8.5, 4.75, 10], "texture": "#0"},
				"up": {"uv": [9.75, 2.25, 9.5, 2], "texture": "#0"},
				"down": {"uv": [2.75, 9.5, 2.5, 9.75], "texture": "#0"}
			}
		},
		{
			"from": [7.75, -3.03033, 16.07322],
			"to": [8.25, -0.03033, 16.57322],
			"rotation": {"angle": 45, "axis": "x", "origin": [8, -0.53033, 16.82322]},
			"faces": {
				"north": {"uv": [5, 8.5, 5.25, 10], "texture": "#0"},
				"east": {"uv": [5.5, 8.5, 5.75, 10], "texture": "#0"},
				"south": {"uv": [6, 8.5, 6.25, 10], "texture": "#0"},
				"west": {"uv": [8.5, 6, 8.75, 7.5], "texture": "#0"},
				"up": {"uv": [9.75, 2.75, 9.5, 2.5], "texture": "#0"},
				"down": {"uv": [9.75, 4, 9.5, 4.25], "texture": "#0"}
			}
		},
		{
			"from": [7.375, 6, 8],
			"to": [8.625, 10, 9.25],
			"rotation": {"angle": 22.5, "axis": "x", "origin": [8, 7, 8.5]},
			"faces": {
				"north": {"uv": [3.5, 1, 4.125, 3], "texture": "#0"},
				"east": {"uv": [3.5, 3, 4.125, 5], "texture": "#0"},
				"south": {"uv": [4.5, 1, 5.125, 3], "texture": "#0"},
				"west": {"uv": [4.5, 3, 5.125, 5], "texture": "#0"},
				"up": {"uv": [8.625, 5.625, 8, 5], "texture": "#0"},
				"down": {"uv": [9.125, 0, 8.5, 0.625], "texture": "#0"}
			}
		},
		{
			"from": [7.5, 9.99897, 9.02069],
			"to": [8.5, 10.99897, 14.02069],
			"rotation": {"angle": -22.5, "axis": "x", "origin": [8, 10.6739, 12.9859]},
			"faces": {
				"north": {"uv": [5.5, 4.5, 6, 5], "texture": "#0"},
				"east": {"uv": [3.5, 5, 6, 5.5], "texture": "#0"},
				"south": {"uv": [8, 6, 8.5, 6.5], "texture": "#0"},
				"west": {"uv": [5.5, 1, 8, 1.5], "texture": "#0"},
				"up": {"uv": [2, 5.5, 1.5, 3], "texture": "#0"},
				"down": {"uv": [2, 5.5, 1.5, 8], "texture": "#0"}
			}
		},
		{
			"from": [7.625, 10.59451, 12.885],
			"to": [8.375, 13.59451, 13.885],
			"rotation": {"angle": 45, "axis": "x", "origin": [8, 10.6739, 12.9859]},
			"faces": {
				"north": {"uv": [0, 8, 0.375, 9.5], "texture": "#0"},
				"east": {"uv": [6.5, 1.5, 7, 3], "texture": "#0"},
				"south": {"uv": [8, 0, 8.375, 1.5], "texture": "#0"},
				"west": {"uv": [7, 1.5, 7.5, 3], "texture": "#0"},
				"up": {"uv": [9.375, 8.5, 9, 8], "texture": "#0"},
				"down": {"uv": [8.875, 9, 8.5, 9.5], "texture": "#0"}
			}
		},
		{
			"from": [7.375, 0, 8],
			"to": [8.625, 4, 9.25],
			"rotation": {"angle": -22.5, "axis": "x", "origin": [8, 3, 8.5]},
			"faces": {
				"north": {"uv": [5.5, 1.5, 6.125, 3.5], "texture": "#0"},
				"east": {"uv": [3.5, 5.5, 4.125, 7.5], "texture": "#0"},
				"south": {"uv": [4.5, 5.5, 5.125, 7.5], "texture": "#0"},
				"west": {"uv": [5.5, 5.5, 6.125, 7.5], "texture": "#0"},
				"up": {"uv": [2.625, 9.125, 2, 8.5], "texture": "#0"},
				"down": {"uv": [9.125, 2, 8.5, 2.625], "texture": "#0"}
			}
		},
		{
			"from": [7.5, -0.99897, 9.02069],
			"to": [8.5, 0.00103, 14.02069],
			"rotation": {"angle": 22.5, "axis": "x", "origin": [8, -0.6739, 12.9859]},
			"faces": {
				"north": {"uv": [8, 7, 8.5, 7.5], "texture": "#0"},
				"east": {"uv": [5.5, 3.5, 8, 4], "texture": "#0"},
				"south": {"uv": [8.5, 1, 9, 1.5], "texture": "#0"},
				"west": {"uv": [5.5, 4, 8, 4.5], "texture": "#0"},
				"up": {"uv": [3.5, 8.5, 3, 6], "texture": "#0"},
				"down": {"uv": [7, 4.5, 6.5, 7], "texture": "#0"}
			}
		},
		{
			"from": [7.625, -3.59451, 12.885],
			"to": [8.375, -0.59451, 13.885],
			"rotation": {"angle": -45, "axis": "x", "origin": [8, -0.6739, 12.9859]},
			"faces": {
				"north": {"uv": [0.5, 8, 0.875, 9.5], "texture": "#0"},
				"east": {"uv": [2, 7, 2.5, 8.5], "texture": "#0"},
				"south": {"uv": [1, 8, 1.375, 9.5], "texture": "#0"},
				"west": {"uv": [2.5, 7, 3, 8.5], "texture": "#0"},
				"up": {"uv": [9.375, 9, 9, 8.5], "texture": "#0"},
				"down": {"uv": [9.375, 9, 9, 9.5], "texture": "#0"}
			}
		},
		{
			"from": [8.25, 4, 7.5],
			"to": [9.25, 6, 9],
			"faces": {
				"north": {"uv": [6, 4.5, 6.5, 5.5], "texture": "#0"},
				"east": {"uv": [7, 4.5, 7.75, 5.5], "texture": "#0"},
				"south": {"uv": [1.5, 8, 2, 9], "texture": "#0"},
				"west": {"uv": [7, 5.5, 7.75, 6.5], "texture": "#0"},
				"up": {"uv": [7, 9.25, 6.5, 8.5], "texture": "#0"},
				"down": {"uv": [7.5, 8.5, 7, 9.25], "texture": "#0"}
			}
		},
		{
			"from": [7, 6, 6],
			"to": [9, 7, 9],
			"faces": {
				"north": {"uv": [8, 3, 9, 3.5], "texture": "#0"},
				"east": {"uv": [6.5, 3, 8, 3.5], "texture": "#0"},
				"south": {"uv": [8, 3.5, 9, 4], "texture": "#0"},
				"west": {"uv": [6.5, 7, 8, 7.5], "texture": "#0"},
				"up": {"uv": [1, 1.5, 0, 0], "texture": "#0"},
				"down": {"uv": [2, 0, 1, 1.5], "texture": "#0"}
			}
		},
		{
			"from": [7, 3, 6],
			"to": [9, 4, 9],
			"faces": {
				"north": {"uv": [8, 4, 9, 4.5], "texture": "#0"},
				"east": {"uv": [7, 6.5, 8.5, 7], "texture": "#0"},
				"south": {"uv": [8, 4.5, 9, 5], "texture": "#0"},
				"west": {"uv": [7.5, 1.5, 9, 2], "texture": "#0"},
				"up": {"uv": [1, 3, 0, 1.5], "texture": "#0"},
				"down": {"uv": [2, 1.5, 1, 3], "texture": "#0"}
			}
		}
	],
	"display": {
		"thirdperson_righthand": {
			"translation": [0, 1.25, 0]
		},
		"firstperson_righthand": {
			"rotation": [15, 15, 0],
			"translation": [0, 4.25, 0]
		},
		"firstperson_lefthand": {
			"rotation": [15, 15, 0],
			"translation": [0, 4.25, 0]
		},
		"gui": {
			"rotation": [0, 90, 0],
			"translation": [-8, 5, -1],
			"scale": [1.5, 1.5, 1.5]
		},
		"fixed": {
			"rotation": [0, -90, 0],
			"translation": [3, 5, -1],
			"scale": [1.5, 1.5, 1.5]
		}
	},
	"groups": [
		{
			"name": "整體",
			"origin": [8, 8, 8],
			"color": 0,
			"children": [
				{
					"name": "group",
					"origin": [8, 5.25, 15.75],
					"color": 0,
					"children": [0, 1, 2, 3, 4, 5]
				},
				{
					"name": "group",
					"origin": [0, 0, 0],
					"color": 0,
					"children": [6, 7, 8]
				},
				{
					"name": "group",
					"origin": [0, 0, 0],
					"color": 0,
					"children": [
						9,
						{
							"name": "group",
							"origin": [0, 0, 0],
							"color": 0,
							"children": [
								10,
								{
									"name": "group",
									"origin": [8, 11.98902, 12.54841],
									"color": 0,
									"children": [11]
								}
							]
						}
					]
				},
				{
					"name": "group",
					"origin": [0, 0, 0],
					"color": 0,
					"children": [
						12,
						{
							"name": "group",
							"origin": [0, 0, 0],
							"color": 0,
							"children": [
								13,
								{
									"name": "group",
									"origin": [0, 0, 0],
									"color": 0,
									"children": [14]
								}
							]
						}
					]
				},
				{
					"name": "group",
					"origin": [0, 0, 0],
					"color": 0,
					"children": [15, 16, 17]
				}
			]
		}
	]
}