{
	"credit": "Made with Blockbench",
	"texture_size": [32, 32],
	"textures": {
		"0": "block/ObsidianBow1",
		"particle": "block/ObsidianBow1"
	},
	"elements": [
		{
			"from": [8.25, 4, 7.5],
			"to": [9.25, 6, 9],
			"faces": {
				"north": {"uv": [7, 1.5, 7.5, 2.5], "texture": "#0"},
				"east": {"uv": [6.5, 2.5, 7.25, 3.5], "texture": "#0"},
				"south": {"uv": [6, 7, 6.5, 8], "texture": "#0"},
				"west": {"uv": [6.5, 3.5, 7.25, 4.5], "texture": "#0"},
				"up": {"uv": [2.5, 8.25, 2, 7.5], "texture": "#0"},
				"down": {"uv": [4, 7.5, 3.5, 8.25], "texture": "#0"}
			}
		},
		{
			"from": [7, 6, 6],
			"to": [9, 7, 9],
			"faces": {
				"north": {"uv": [7, 6, 8, 6.5], "texture": "#0"},
				"east": {"uv": [4, 6.5, 5.5, 7], "texture": "#0"},
				"south": {"uv": [7, 6.5, 8, 7], "texture": "#0"},
				"west": {"uv": [6.5, 4.5, 8, 5], "texture": "#0"},
				"up": {"uv": [3, 1.5, 2, 0], "texture": "#0"},
				"down": {"uv": [3, 1.5, 2, 3], "texture": "#0"}
			}
		},
		{
			"from": [7, 3, 6],
			"to": [9, 4, 9],
			"faces": {
				"north": {"uv": [7, 7, 8, 7.5], "texture": "#0"},
				"east": {"uv": [6.5, 5, 8, 5.5], "texture": "#0"},
				"south": {"uv": [7.5, 0, 8.5, 0.5], "texture": "#0"},
				"west": {"uv": [6.5, 5.5, 8, 6], "texture": "#0"},
				"up": {"uv": [4, 1.5, 3, 0], "texture": "#0"},
				"down": {"uv": [4, 1.5, 3, 3], "texture": "#0"}
			}
		},
		{
			"from": [7.375, 0, 8],
			"to": [8.625, 4, 9.25],
			"rotation": {"angle": -22.5, "axis": "x", "origin": [8, 3, 8.5]},
			"faces": {
				"north": {"uv": [2, 3, 2.625, 5], "texture": "#0"},
				"east": {"uv": [3, 3, 3.625, 5], "texture": "#0"},
				"south": {"uv": [4, 0, 4.625, 2], "texture": "#0"},
				"west": {"uv": [4, 2, 4.625, 4], "texture": "#0"},
				"up": {"uv": [8.125, 1.125, 7.5, 0.5], "texture": "#0"},
				"down": {"uv": [8.125, 1.5, 7.5, 2.125], "texture": "#0"}
			}
		},
		{
			"from": [7.5, -3.92596, 8.68925],
			"to": [8.5, 1.07404, 9.68925],
			"rotation": {"angle": -45, "axis": "x", "origin": [8, 1.30448, 9.03073]},
			"faces": {
				"north": {"uv": [4, 4, 4.5, 6.5], "texture": "#0"},
				"east": {"uv": [4.5, 4, 5, 6.5], "texture": "#0"},
				"south": {"uv": [5, 0, 5.5, 2.5], "texture": "#0"},
				"west": {"uv": [2, 5, 2.5, 7.5], "texture": "#0"},
				"up": {"uv": [6, 2.5, 5.5, 2], "texture": "#0"},
				"down": {"uv": [7, 7.5, 6.5, 8], "texture": "#0"}
			}
		},
		{
			"from": [7.625, -4.40323, 12.04841],
			"to": [8.375, -1.40323, 13.04841],
			"rotation": {"angle": -22.5, "axis": "x", "origin": [8, -1.98902, 12.54841]},
			"faces": {
				"north": {"uv": [3, 7, 3.375, 8.5], "texture": "#0"},
				"east": {"uv": [5.5, 6.5, 6, 8], "texture": "#0"},
				"south": {"uv": [4, 7, 4.375, 8.5], "texture": "#0"},
				"west": {"uv": [6.5, 6, 7, 7.5], "texture": "#0"},
				"up": {"uv": [8.375, 5, 8, 4.5], "texture": "#0"},
				"down": {"uv": [8.375, 5, 8, 5.5], "texture": "#0"}
			}
		},
		{
			"from": [7.375, 6, 8],
			"to": [8.625, 10, 9.25],
			"rotation": {"angle": 22.5, "axis": "x", "origin": [8, 7, 8.5]},
			"faces": {
				"north": {"uv": [2.5, 5, 3.125, 7], "texture": "#0"},
				"east": {"uv": [5, 2.5, 5.625, 4.5], "texture": "#0"},
				"south": {"uv": [5, 4.5, 5.625, 6.5], "texture": "#0"},
				"west": {"uv": [5.5, 0, 6.125, 2], "texture": "#0"},
				"up": {"uv": [8.125, 3.125, 7.5, 2.5], "texture": "#0"},
				"down": {"uv": [8.125, 3.5, 7.5, 4.125], "texture": "#0"}
			}
		},
		{
			"from": [7.5, 8.92596, 8.68925],
			"to": [8.5, 13.92596, 9.68925],
			"rotation": {"angle": 45, "axis": "x", "origin": [8, 8.69552, 9.03073]},
			"faces": {
				"north": {"uv": [3.5, 5, 4, 7.5], "texture": "#0"},
				"east": {"uv": [6, 2, 6.5, 4.5], "texture": "#0"},
				"south": {"uv": [6, 4.5, 6.5, 7], "texture": "#0"},
				"west": {"uv": [6.5, 0, 7, 2.5], "texture": "#0"},
				"up": {"uv": [7.5, 8, 7, 7.5], "texture": "#0"},
				"down": {"uv": [8, 7.5, 7.5, 8], "texture": "#0"}
			}
		},
		{
			"from": [7.625, 11.40323, 12.04841],
			"to": [8.375, 14.40323, 13.04841],
			"rotation": {"angle": 22.5, "axis": "x", "origin": [8, 11.98902, 12.54841]},
			"faces": {
				"north": {"uv": [4.5, 7, 4.875, 8.5], "texture": "#0"},
				"east": {"uv": [7, 0, 7.5, 1.5], "texture": "#0"},
				"south": {"uv": [5, 7, 5.375, 8.5], "texture": "#0"},
				"west": {"uv": [2.5, 7, 3, 8.5], "texture": "#0"},
				"up": {"uv": [5.875, 8.5, 5.5, 8], "texture": "#0"},
				"down": {"uv": [8.375, 5.5, 8, 6], "texture": "#0"}
			}
		},
		{
			"from": [7.75, -4, 13.5],
			"to": [8.25, 14, 14],
			"faces": {
				"north": {"uv": [0, 0, 0.25, 9], "texture": "#0"},
				"east": {"uv": [0.5, 0, 0.75, 9], "texture": "#0"},
				"south": {"uv": [1, 0, 1.25, 9], "texture": "#0"},
				"west": {"uv": [1.5, 0, 1.75, 9], "texture": "#0"},
				"up": {"uv": [6.25, 8.25, 6, 8], "texture": "#0"},
				"down": {"uv": [8.25, 6, 8, 6.25], "texture": "#0"}
			}
		}
	],
	"display": {
		"thirdperson_righthand": {
			"translation": [0, 1.25, 0]
		},
		"thirdperson_lefthand": {
			"translation": [0, 1.25, 0]
		},
		"firstperson_righthand": {
			"rotation": [15, 15, 0],
			"translation": [0, 4.25, 0]
		},
		"firstperson_lefthand": {
			"rotation": [15, 15, 0],
			"translation": [0, 4.25, 0]
		},
		"gui": {
			"rotation": [0, 90, 0],
			"translation": [-8, 5, -1],
			"scale": [1.5, 1.5, 1.5]
		},
		"fixed": {
			"rotation": [0, -90, 0],
			"translation": [3, 5, -1],
			"scale": [1.5, 1.5, 1.5]
		}
	},
	"groups": [
		{
			"name": "整體",
			"origin": [8, 8, 8],
			"color": 0,
			"children": [
				{
					"name": "group",
					"origin": [0, 0, 0],
					"color": 0,
					"children": [0, 1, 2]
				},
				{
					"name": "group",
					"origin": [0, 0, 0],
					"color": 0,
					"children": [
						3,
						{
							"name": "group",
							"origin": [0, 0, 0],
							"color": 0,
							"children": [
								4,
								{
									"name": "group",
									"origin": [0, 0, 0],
									"color": 0,
									"children": [5]
								}
							]
						}
					]
				},
				{
					"name": "group",
					"origin": [0, 0, 0],
					"color": 0,
					"children": [
						6,
						{
							"name": "group",
							"origin": [0, 0, 0],
							"color": 0,
							"children": [
								7,
								{
									"name": "group",
									"origin": [8, 11.98902, 12.54841],
									"color": 0,
									"children": [8]
								}
							]
						}
					]
				},
				{
					"name": "group",
					"origin": [0, 0, 0],
					"color": 0,
					"children": [9]
				}
			]
		}
	]
}