{
	"credit": "Made with Blockbench",
	"texture_size": [32, 32],
	"textures": {
		"0": "block/ObsidianBow3",
		"particle": "block/ObsidianBow3"
	},
	"elements": [
		{
			"from": [7.75, 4.75, 7.5],
			"to": [8.25, 5.25, 19],
			"faces": {
				"north": {"uv": [5, 9.5, 5.25, 9.75], "texture": "#0"},
				"east": {"uv": [2, 0, 7.75, 0.25], "texture": "#0"},
				"south": {"uv": [5.5, 9.5, 5.75, 9.75], "texture": "#0"},
				"west": {"uv": [2, 0.5, 7.75, 0.75], "texture": "#0"},
				"up": {"uv": [2.25, 6.75, 2, 1], "texture": "#0"},
				"down": {"uv": [2.75, 1, 2.5, 6.75], "texture": "#0"}
			}
		},
		{
			"from": [7.75, 4.75, 5],
			"to": [8.25, 5.25, 6.5],
			"faces": {
				"north": {"uv": [9.5, 5.5, 9.75, 5.75], "texture": "#0"},
				"east": {"uv": [9, 6.5, 9.75, 6.75], "texture": "#0"},
				"south": {"uv": [9.5, 6, 9.75, 6.25], "texture": "#0"},
				"west": {"uv": [9, 8, 9.75, 8.25], "texture": "#0"},
				"up": {"uv": [7.25, 9.75, 7, 9], "texture": "#0"},
				"down": {"uv": [9.25, 8.5, 9, 9.25], "texture": "#0"}
			}
		},
		{
			"from": [7.625, 4.625, 6],
			"to": [8.375, 5.375, 7.25],
			"faces": {
				"north": {"uv": [9.5, 4, 9.875, 4.375], "texture": "#0"},
				"east": {"uv": [5, 9, 5.625, 9.375], "texture": "#0"},
				"south": {"uv": [9.5, 4.5, 9.875, 4.875], "texture": "#0"},
				"west": {"uv": [9, 5, 9.625, 5.375], "texture": "#0"},
				"up": {"uv": [9.375, 6.125, 9, 5.5], "texture": "#0"},
				"down": {"uv": [6.375, 9, 6, 9.625], "texture": "#0"}
			}
		},
		{
			"from": [7.25, 4.25, 7],
			"to": [8.75, 5.75, 7.5],
			"faces": {
				"north": {"uv": [7, 2, 7.75, 2.75], "texture": "#0"},
				"east": {"uv": [9.5, 1, 9.75, 1.75], "texture": "#0"},
				"south": {"uv": [7, 3, 7.75, 3.75], "texture": "#0"},
				"west": {"uv": [2, 9.5, 2.25, 10.25], "texture": "#0"},
				"up": {"uv": [10.25, 2.25, 9.5, 2], "texture": "#0"},
				"down": {"uv": [10.25, 2.5, 9.5, 2.75], "texture": "#0"}
			}
		},
		{
			"from": [7.25, 5, 17.5],
			"to": [8.75, 5, 19],
			"faces": {
				"north": {"uv": [0, 0, 0.75, 0], "texture": "#0"},
				"east": {"uv": [0, 0, 0.75, 0], "texture": "#0"},
				"south": {"uv": [0, 0, 0.75, 0], "texture": "#0"},
				"west": {"uv": [0, 0, 0.75, 0], "texture": "#0"},
				"up": {"uv": [7.25, 7.75, 6.5, 7], "texture": "#0"},
				"down": {"uv": [0.75, 7.5, 0, 8.25], "texture": "#0"}
			}
		},
		{
			"from": [8, 4.25, 17.5],
			"to": [8, 5.75, 19],
			"rotation": {"angle": 0, "axis": "y", "origin": [8, 5.25, 15.75]},
			"faces": {
				"north": {"uv": [0, 0, 0, 0.75], "texture": "#0"},
				"east": {"uv": [1, 7.5, 1.75, 8.25], "texture": "#0"},
				"south": {"uv": [0, 0, 0, 0.75], "texture": "#0"},
				"west": {"uv": [2, 7.5, 2.75, 8.25], "texture": "#0"},
				"up": {"uv": [0, 0.75, 0, 0], "texture": "#0"},
				"down": {"uv": [0, 0, 0, 0.75], "texture": "#0"}
			}
		},
		{
			"from": [7.75, 8.60355, 18.39645],
			"to": [8.25, 10.85355, 18.89645],
			"rotation": {"angle": -45, "axis": "x", "origin": [8, 9.35355, 18.64645]},
			"faces": {
				"north": {"uv": [7.5, 8.5, 7.75, 9.625], "texture": "#0"},
				"east": {"uv": [8, 8.5, 8.25, 9.625], "texture": "#0"},
				"south": {"uv": [8.5, 8, 8.75, 9.125], "texture": "#0"},
				"west": {"uv": [0, 9, 0.25, 10.125], "texture": "#0"},
				"up": {"uv": [9.75, 7.25, 9.5, 7], "texture": "#0"},
				"down": {"uv": [9.75, 7.5, 9.5, 7.75], "texture": "#0"}
			}
		},
		{
			"from": [7.75, 1, 18.85355],
			"to": [8.25, 9, 19.35355],
			"rotation": {"angle": 0, "axis": "y", "origin": [8, 9.14645, 19.10355]},
			"faces": {
				"north": {"uv": [5, 5, 5.25, 9], "texture": "#0"},
				"east": {"uv": [5.5, 5, 5.75, 9], "texture": "#0"},
				"south": {"uv": [6, 5, 6.25, 9], "texture": "#0"},
				"west": {"uv": [4, 6.5, 4.25, 10.5], "texture": "#0"},
				"up": {"uv": [8.75, 9.75, 8.5, 9.5], "texture": "#0"},
				"down": {"uv": [9.75, 8.5, 9.5, 8.75], "texture": "#0"}
			}
		},
		{
			"from": [7.75, -0.85355, 18.39645],
			"to": [8.25, 1.39645, 18.89645],
			"rotation": {"angle": 45, "axis": "x", "origin": [8, 0.64645, 18.64645]},
			"faces": {
				"north": {"uv": [0.5, 9, 0.75, 10.125], "texture": "#0"},
				"east": {"uv": [1, 9, 1.25, 10.125], "texture": "#0"},
				"south": {"uv": [1.5, 9, 1.75, 10.125], "texture": "#0"},
				"west": {"uv": [3, 9, 3.25, 10.125], "texture": "#0"},
				"up": {"uv": [9.25, 9.75, 9, 9.5], "texture": "#0"},
				"down": {"uv": [9.75, 9, 9.5, 9.25], "texture": "#0"}
			}
		},
		{
			"from": [7.75, 11.41658, 14.42678],
			"to": [8.25, 11.91658, 17.92678],
			"rotation": {"angle": 22.5, "axis": "x", "origin": [8, 11.66658, 14.51257]},
			"faces": {
				"north": {"uv": [9.5, 9.5, 9.75, 9.75], "texture": "#0"},
				"east": {"uv": [7.5, 7, 9.5, 7.25], "texture": "#0"},
				"south": {"uv": [10, 0, 10.25, 0.25], "texture": "#0"},
				"west": {"uv": [7.5, 7.5, 9.5, 7.75], "texture": "#0"},
				"up": {"uv": [8.25, 4, 8, 2], "texture": "#0"},
				"down": {"uv": [8.25, 4, 8, 6], "texture": "#0"}
			}
		},
		{
			"from": [7.75, -1.91658, 14.42678],
			"to": [8.25, -1.41658, 17.92678],
			"rotation": {"angle": -22.5, "axis": "x", "origin": [8, -1.66658, 14.51257]},
			"faces": {
				"north": {"uv": [10, 0.5, 10.25, 0.75], "texture": "#0"},
				"east": {"uv": [8, 0, 10, 0.25], "texture": "#0"},
				"south": {"uv": [10, 1, 10.25, 1.25], "texture": "#0"},
				"west": {"uv": [8, 0.5, 10, 0.75], "texture": "#0"},
				"up": {"uv": [4.75, 10, 4.5, 8], "texture": "#0"},
				"down": {"uv": [6.75, 8, 6.5, 10], "texture": "#0"}
			}
		},
		{
			"from": [7.375, 6, 8],
			"to": [8.625, 10, 9.25],
			"rotation": {"angle": 22.5, "axis": "x", "origin": [8, 7, 8.5]},
			"faces": {
				"north": {"uv": [0, 3, 0.625, 5], "texture": "#0"},
				"east": {"uv": [1, 3, 1.625, 5], "texture": "#0"},
				"south": {"uv": [3, 1, 3.625, 3], "texture": "#0"},
				"west": {"uv": [3, 3, 3.625, 5], "texture": "#0"},
				"up": {"uv": [9.125, 2.125, 8.5, 1.5], "texture": "#0"},
				"down": {"uv": [2.625, 8.5, 2, 9.125], "texture": "#0"}
			}
		},
		{
			"from": [7.5, 9.99897, 9.02069],
			"to": [8.5, 10.99897, 14.02069],
			"rotation": {"angle": -22.5, "axis": "x", "origin": [8, 10.6739, 12.9859]},
			"faces": {
				"north": {"uv": [6, 3.5, 6.5, 4], "texture": "#0"},
				"east": {"uv": [4, 1, 6.5, 1.5], "texture": "#0"},
				"south": {"uv": [8.5, 6.5, 9, 7], "texture": "#0"},
				"west": {"uv": [4, 1.5, 6.5, 2], "texture": "#0"},
				"up": {"uv": [4.5, 4.5, 4, 2], "texture": "#0"},
				"down": {"uv": [5, 2, 4.5, 4.5], "texture": "#0"}
			}
		},
		{
			"from": [7.625, 10.59451, 12.885],
			"to": [8.375, 13.59451, 13.885],
			"rotation": {"angle": 45, "axis": "x", "origin": [8, 10.6739, 12.9859]},
			"faces": {
				"north": {"uv": [3, 7.5, 3.375, 9], "texture": "#0"},
				"east": {"uv": [6, 2, 6.5, 3.5], "texture": "#0"},
				"south": {"uv": [3.5, 7.5, 3.875, 9], "texture": "#0"},
				"west": {"uv": [6.5, 1, 7, 2.5], "texture": "#0"},
				"up": {"uv": [2.875, 10, 2.5, 9.5], "texture": "#0"},
				"down": {"uv": [9.875, 3, 9.5, 3.5], "texture": "#0"}
			}
		},
		{
			"from": [7.375, 0, 8],
			"to": [8.625, 4, 9.25],
			"rotation": {"angle": -22.5, "axis": "x", "origin": [8, 3, 8.5]},
			"faces": {
				"north": {"uv": [4, 4.5, 4.625, 6.5], "texture": "#0"},
				"east": {"uv": [0, 5, 0.625, 7], "texture": "#0"},
				"south": {"uv": [1, 5, 1.625, 7], "texture": "#0"},
				"west": {"uv": [5, 2, 5.625, 4], "texture": "#0"},
				"up": {"uv": [9.125, 3.125, 8.5, 2.5], "texture": "#0"},
				"down": {"uv": [9.125, 3.5, 8.5, 4.125], "texture": "#0"}
			}
		},
		{
			"from": [7.5, -0.99897, 9.02069],
			"to": [8.5, 0.00103, 14.02069],
			"rotation": {"angle": 22.5, "axis": "x", "origin": [8, -0.6739, 12.9859]},
			"faces": {
				"north": {"uv": [3.5, 9, 4, 9.5], "texture": "#0"},
				"east": {"uv": [5, 4, 7.5, 4.5], "texture": "#0"},
				"south": {"uv": [9, 4.5, 9.5, 5], "texture": "#0"},
				"west": {"uv": [5, 4.5, 7.5, 5], "texture": "#0"},
				"up": {"uv": [3.5, 7.5, 3, 5], "texture": "#0"},
				"down": {"uv": [4, 5, 3.5, 7.5], "texture": "#0"}
			}
		},
		{
			"from": [7.625, -3.59451, 12.885],
			"to": [8.375, -0.59451, 13.885],
			"rotation": {"angle": -45, "axis": "x", "origin": [8, -0.6739, 12.9859]},
			"faces": {
				"north": {"uv": [7.5, 4, 7.875, 5.5], "texture": "#0"},
				"east": {"uv": [6.5, 2.5, 7, 4], "texture": "#0"},
				"south": {"uv": [7.5, 5.5, 7.875, 7], "texture": "#0"},
				"west": {"uv": [4.5, 6.5, 5, 8], "texture": "#0"},
				"up": {"uv": [3.875, 10, 3.5, 9.5], "texture": "#0"},
				"down": {"uv": [9.875, 3.5, 9.5, 4], "texture": "#0"}
			}
		},
		{
			"from": [8.25, 4, 7.5],
			"to": [9.25, 6, 9],
			"faces": {
				"north": {"uv": [8, 6, 8.5, 7], "texture": "#0"},
				"east": {"uv": [6.5, 5, 7.25, 6], "texture": "#0"},
				"south": {"uv": [7, 8, 7.5, 9], "texture": "#0"},
				"west": {"uv": [6.5, 6, 7.25, 7], "texture": "#0"},
				"up": {"uv": [9, 5.25, 8.5, 4.5], "texture": "#0"},
				"down": {"uv": [9, 5.5, 8.5, 6.25], "texture": "#0"}
			}
		},
		{
			"from": [7, 6, 6],
			"to": [9, 7, 9],
			"faces": {
				"north": {"uv": [7.5, 8, 8.5, 8.5], "texture": "#0"},
				"east": {"uv": [0, 7, 1.5, 7.5], "texture": "#0"},
				"south": {"uv": [0, 8.5, 1, 9], "texture": "#0"},
				"west": {"uv": [7, 1, 8.5, 1.5], "texture": "#0"},
				"up": {"uv": [1, 1.5, 0, 0], "texture": "#0"},
				"down": {"uv": [2, 0, 1, 1.5], "texture": "#0"}
			}
		},
		{
			"from": [7, 3, 6],
			"to": [9, 4, 9],
			"faces": {
				"north": {"uv": [1, 8.5, 2, 9], "texture": "#0"},
				"east": {"uv": [1.5, 7, 3, 7.5], "texture": "#0"},
				"south": {"uv": [8.5, 1, 9.5, 1.5], "texture": "#0"},
				"west": {"uv": [7, 1.5, 8.5, 2], "texture": "#0"},
				"up": {"uv": [1, 3, 0, 1.5], "texture": "#0"},
				"down": {"uv": [2, 1.5, 1, 3], "texture": "#0"}
			}
		}
	],
	"display": {
		"thirdperson_righthand": {
			"translation": [0, 1.25, 0]
		},
		"firstperson_righthand": {
			"rotation": [15, 15, 0],
			"translation": [0, 4.25, 0]
		},
		"firstperson_lefthand": {
			"rotation": [15, 15, 0],
			"translation": [0, 4.25, 0]
		},
		"gui": {
			"rotation": [0, 90, 0],
			"translation": [-8, 5, -1],
			"scale": [1.5, 1.5, 1.5]
		},
		"fixed": {
			"rotation": [0, -90, 0],
			"translation": [3, 5, -1],
			"scale": [1.5, 1.5, 1.5]
		}
	},
	"groups": [
		{
			"name": "整體",
			"origin": [8, 8, 8],
			"color": 0,
			"children": [
				{
					"name": "group",
					"origin": [8, 5.25, 15.75],
					"color": 0,
					"children": [0, 1, 2, 3, 4, 5]
				},
				{
					"name": "group",
					"origin": [0, 0, 0],
					"color": 0,
					"children": [6, 7, 8, 9, 10]
				},
				{
					"name": "group",
					"origin": [0, 0, 0],
					"color": 0,
					"children": [
						11,
						{
							"name": "group",
							"origin": [0, 0, 0],
							"color": 0,
							"children": [
								12,
								{
									"name": "group",
									"origin": [8, 11.98902, 12.54841],
									"color": 0,
									"children": [13]
								}
							]
						}
					]
				},
				{
					"name": "group",
					"origin": [0, 0, 0],
					"color": 0,
					"children": [
						14,
						{
							"name": "group",
							"origin": [0, 0, 0],
							"color": 0,
							"children": [
								15,
								{
									"name": "group",
									"origin": [0, 0, 0],
									"color": 0,
									"children": [16]
								}
							]
						}
					]
				},
				{
					"name": "group",
					"origin": [0, 0, 0],
					"color": 0,
					"children": [17, 18, 19]
				}
			]
		}
	]
}